week	id	location	sp	mass	stage	age	mated	chrm1	chrm2	radius
1	p1-1	(7, 15, 1)	p1	Dict{String,Any}(Pair{String,Any}("veg", 3000.02),Pair{String,Any}("repr", 0))	a	1	false	A	A	7
1	p1-2	(33, 6, 1)	p1	Dict{String,Any}(Pair{String,Any}("veg", 3000.03),Pair{String,Any}("repr", 0))	a	1	false	A	A	7
1	p1-3	(3, 3, 1)	p1	Dict{String,Any}(Pair{String,Any}("veg", 2999.99),Pair{String,Any}("repr", 0))	a	1	false	A	A	7
1	p1-4	(12, 26, 1)	p1	Dict{String,Any}(Pair{String,Any}("veg", 3000.0),Pair{String,Any}("repr", 0))	a	1	false	A	A	7
1	p1-5	(23, 23, 1)	p1	Dict{String,Any}(Pair{String,Any}("veg", 3000.0),Pair{String,Any}("repr", 0))	a	1	false	A	A	7
1	p1-6	(33, 11, 1)	p1	Dict{String,Any}(Pair{String,Any}("veg", 3000.01),Pair{String,Any}("repr", 0))	a	1	false	A	A	7
1	p1-7	(1, 16, 1)	p1	Dict{String,Any}(Pair{String,Any}("veg", 3000.01),Pair{String,Any}("repr", 0))	a	1	false	A	A	7
1	p1-8	(24, 24, 1)	p1	Dict{String,Any}(Pair{String,Any}("veg", 3000.0),Pair{String,Any}("repr", 0))	a	1	false	A	A	7
1	p1-9	(4, 11, 1)	p1	Dict{String,Any}(Pair{String,Any}("veg", 2999.99),Pair{String,Any}("repr", 0))	a	1	false	A	A	7
1	p1-10	(9, 6, 1)	p1	Dict{String,Any}(Pair{String,Any}("veg", 3000.0),Pair{String,Any}("repr", 0))	a	1	false	A	A	7
1	p1-11	(18, 23, 1)	p1	Dict{String,Any}(Pair{String,Any}("veg", 3000.0),Pair{String,Any}("repr", 0))	a	1	false	A	A	7
1	p1-12	(7, 18, 1)	p1	Dict{String,Any}(Pair{String,Any}("veg", 2999.99),Pair{String,Any}("repr", 0))	a	1	false	A	A	7
1	p1-13	(25, 19, 1)	p1	Dict{String,Any}(Pair{String,Any}("veg", 2999.99),Pair{String,Any}("repr", 0))	a	1	false	A	A	7
1	p1-14	(5, 3, 1)	p1	Dict{String,Any}(Pair{String,Any}("veg", 3000.01),Pair{String,Any}("repr", 0))	a	1	false	A	A	7
1	p1-15	(32, 29, 1)	p1	Dict{String,Any}(Pair{String,Any}("veg", 3000.04),Pair{String,Any}("repr", 0))	a	1	false	A	A	7
1	p1-16	(2, 13, 1)	p1	Dict{String,Any}(Pair{String,Any}("veg", 3000.0),Pair{String,Any}("repr", 0))	a	1	false	A	A	7
1	p1-17	(31, 14, 1)	p1	Dict{String,Any}(Pair{String,Any}("veg", 3000.0),Pair{String,Any}("repr", 0))	a	1	false	A	A	7
1	p1-18	(11, 8, 1)	p1	Dict{String,Any}(Pair{String,Any}("veg", 3000.01),Pair{String,Any}("repr", 0))	a	1	false	A	A	7
1	p1-19	(17, 6, 1)	p1	Dict{String,Any}(Pair{String,Any}("veg", 2999.99),Pair{String,Any}("repr", 0))	a	1	false	A	A	7
1	p1-20	(3, 24, 1)	p1	Dict{String,Any}(Pair{String,Any}("veg", 3000.01),Pair{String,Any}("repr", 0))	a	1	false	A	A	7
2	p1-1	(7, 15, 1)	p1	Dict{String,Any}(Pair{String,Any}("veg", 3000.02),Pair{String,Any}("repr", 0))	a	2	false	A	A	7
2	p1-2	(33, 6, 1)	p1	Dict{String,Any}(Pair{String,Any}("veg", 3000.03),Pair{String,Any}("repr", 0))	a	2	false	A	A	7
2	p1-3	(3, 3, 1)	p1	Dict{String,Any}(Pair{String,Any}("veg", 2999.99),Pair{String,Any}("repr", 0))	a	2	false	A	A	7
2	p1-4	(12, 26, 1)	p1	Dict{String,Any}(Pair{String,Any}("veg", 3000.0),Pair{String,Any}("repr", 0))	a	2	false	A	A	7
2	p1-6	(33, 11, 1)	p1	Dict{String,Any}(Pair{String,Any}("veg", 3000.01),Pair{String,Any}("repr", 0))	a	2	false	A	A	7
2	p1-7	(1, 16, 1)	p1	Dict{String,Any}(Pair{String,Any}("veg", 3000.01),Pair{String,Any}("repr", 0))	a	2	false	A	A	7
2	p1-8	(24, 24, 1)	p1	Dict{String,Any}(Pair{String,Any}("veg", 3000.0),Pair{String,Any}("repr", 0))	a	2	false	A	A	7
2	p1-9	(4, 11, 1)	p1	Dict{String,Any}(Pair{String,Any}("veg", 2999.99),Pair{String,Any}("repr", 0))	a	2	false	A	A	7
2	p1-10	(9, 6, 1)	p1	Dict{String,Any}(Pair{String,Any}("veg", 3000.0),Pair{String,Any}("repr", 0))	a	2	false	A	A	7
2	p1-11	(18, 23, 1)	p1	Dict{String,Any}(Pair{String,Any}("veg", 3000.0),Pair{String,Any}("repr", 0))	a	2	false	A	A	7
2	p1-12	(7, 18, 1)	p1	Dict{String,Any}(Pair{String,Any}("veg", 2999.99),Pair{String,Any}("repr", 0))	a	2	false	A	A	7
2	p1-13	(25, 19, 1)	p1	Dict{String,Any}(Pair{String,Any}("veg", 2999.99),Pair{String,Any}("repr", 0))	a	2	false	A	A	7
2	p1-14	(5, 3, 1)	p1	Dict{String,Any}(Pair{String,Any}("veg", 3000.01),Pair{String,Any}("repr", 0))	a	2	false	A	A	7
2	p1-15	(32, 29, 1)	p1	Dict{String,Any}(Pair{String,Any}("veg", 3000.04),Pair{String,Any}("repr", 0))	a	2	false	A	A	7
2	p1-16	(2, 13, 1)	p1	Dict{String,Any}(Pair{String,Any}("veg", 3000.0),Pair{String,Any}("repr", 0))	a	2	false	A	A	7
2	p1-17	(31, 14, 1)	p1	Dict{String,Any}(Pair{String,Any}("veg", 3000.0),Pair{String,Any}("repr", 0))	a	2	false	A	A	7
2	p1-18	(11, 8, 1)	p1	Dict{String,Any}(Pair{String,Any}("veg", 3000.01),Pair{String,Any}("repr", 0))	a	2	false	A	A	7
2	p1-19	(17, 6, 1)	p1	Dict{String,Any}(Pair{String,Any}("veg", 2999.99),Pair{String,Any}("repr", 0))	a	2	false	A	A	7
2	p1-20	(3, 24, 1)	p1	Dict{String,Any}(Pair{String,Any}("veg", 3000.01),Pair{String,Any}("repr", 0))	a	2	false	A	A	7
3	p1-1	(7, 15, 1)	p1	Dict{String,Any}(Pair{String,Any}("veg", 3000.02),Pair{String,Any}("repr", 0))	a	3	false	A	A	7
3	p1-2	(33, 6, 1)	p1	Dict{String,Any}(Pair{String,Any}("veg", 3000.03),Pair{String,Any}("repr", 0))	a	3	false	A	A	7
3	p1-3	(3, 3, 1)	p1	Dict{String,Any}(Pair{String,Any}("veg", 2999.99),Pair{String,Any}("repr", 0))	a	3	false	A	A	7
3	p1-4	(12, 26, 1)	p1	Dict{String,Any}(Pair{String,Any}("veg", 3000.0),Pair{String,Any}("repr", 0))	a	3	false	A	A	7
3	p1-6	(33, 11, 1)	p1	Dict{String,Any}(Pair{String,Any}("veg", 3000.01),Pair{String,Any}("repr", 0))	a	3	false	A	A	7
3	p1-7	(1, 16, 1)	p1	Dict{String,Any}(Pair{String,Any}("veg", 3000.01),Pair{String,Any}("repr", 0))	a	3	false	A	A	7
3	p1-8	(24, 24, 1)	p1	Dict{String,Any}(Pair{String,Any}("veg", 3000.0),Pair{String,Any}("repr", 0))	a	3	false	A	A	7
3	p1-9	(4, 11, 1)	p1	Dict{String,Any}(Pair{String,Any}("veg", 2999.99),Pair{String,Any}("repr", 0))	a	3	false	A	A	7
3	p1-10	(9, 6, 1)	p1	Dict{String,Any}(Pair{String,Any}("veg", 3000.0),Pair{String,Any}("repr", 0))	a	3	false	A	A	7
3	p1-11	(18, 23, 1)	p1	Dict{String,Any}(Pair{String,Any}("veg", 3000.0),Pair{String,Any}("repr", 0))	a	3	false	A	A	7
3	p1-12	(7, 18, 1)	p1	Dict{String,Any}(Pair{String,Any}("veg", 2999.99),Pair{String,Any}("repr", 0))	a	3	false	A	A	7
3	p1-13	(25, 19, 1)	p1	Dict{String,Any}(Pair{String,Any}("veg", 2999.99),Pair{String,Any}("repr", 0))	a	3	false	A	A	7
3	p1-14	(5, 3, 1)	p1	Dict{String,Any}(Pair{String,Any}("veg", 3000.01),Pair{String,Any}("repr", 0))	a	3	false	A	A	7
3	p1-15	(32, 29, 1)	p1	Dict{String,Any}(Pair{String,Any}("veg", 3000.04),Pair{String,Any}("repr", 0))	a	3	false	A	A	7
3	p1-16	(2, 13, 1)	p1	Dict{String,Any}(Pair{String,Any}("veg", 3000.0),Pair{String,Any}("repr", 0))	a	3	false	A	A	7
3	p1-17	(31, 14, 1)	p1	Dict{String,Any}(Pair{String,Any}("veg", 3000.0),Pair{String,Any}("repr", 0))	a	3	false	A	A	7
3	p1-19	(17, 6, 1)	p1	Dict{String,Any}(Pair{String,Any}("veg", 2999.99),Pair{String,Any}("repr", 0))	a	3	false	A	A	7
3	p1-20	(3, 24, 1)	p1	Dict{String,Any}(Pair{String,Any}("veg", 3000.01),Pair{String,Any}("repr", 0))	a	3	false	A	A	7
4	p1-1	(7, 15, 1)	p1	Dict{String,Any}(Pair{String,Any}("veg", 3000.02),Pair{String,Any}("repr", 0))	a	4	false	A	A	7
4	p1-2	(33, 6, 1)	p1	Dict{String,Any}(Pair{String,Any}("veg", 3000.03),Pair{String,Any}("repr", 0))	a	4	false	A	A	7
4	p1-3	(3, 3, 1)	p1	Dict{String,Any}(Pair{String,Any}("veg", 2999.99),Pair{String,Any}("repr", 0))	a	4	false	A	A	7
4	p1-4	(12, 26, 1)	p1	Dict{String,Any}(Pair{String,Any}("veg", 3000.0),Pair{String,Any}("repr", 0))	a	4	false	A	A	7
4	p1-6	(33, 11, 1)	p1	Dict{String,Any}(Pair{String,Any}("veg", 3000.01),Pair{String,Any}("repr", 0))	a	4	false	A	A	7
4	p1-7	(1, 16, 1)	p1	Dict{String,Any}(Pair{String,Any}("veg", 3000.01),Pair{String,Any}("repr", 0))	a	4	false	A	A	7
4	p1-8	(24, 24, 1)	p1	Dict{String,Any}(Pair{String,Any}("veg", 3000.0),Pair{String,Any}("repr", 0))	a	4	false	A	A	7
4	p1-9	(4, 11, 1)	p1	Dict{String,Any}(Pair{String,Any}("veg", 2999.99),Pair{String,Any}("repr", 0))	a	4	false	A	A	7
4	p1-10	(9, 6, 1)	p1	Dict{String,Any}(Pair{String,Any}("veg", 3000.0),Pair{String,Any}("repr", 0))	a	4	false	A	A	7
4	p1-11	(18, 23, 1)	p1	Dict{String,Any}(Pair{String,Any}("veg", 3000.0),Pair{String,Any}("repr", 0))	a	4	false	A	A	7
4	p1-12	(7, 18, 1)	p1	Dict{String,Any}(Pair{String,Any}("veg", 2999.99),Pair{String,Any}("repr", 0))	a	4	false	A	A	7
4	p1-13	(25, 19, 1)	p1	Dict{String,Any}(Pair{String,Any}("veg", 2999.99),Pair{String,Any}("repr", 0))	a	4	false	A	A	7
4	p1-14	(5, 3, 1)	p1	Dict{String,Any}(Pair{String,Any}("veg", 3000.01),Pair{String,Any}("repr", 0))	a	4	false	A	A	7
4	p1-15	(32, 29, 1)	p1	Dict{String,Any}(Pair{String,Any}("veg", 3000.04),Pair{String,Any}("repr", 0))	a	4	false	A	A	7
4	p1-16	(2, 13, 1)	p1	Dict{String,Any}(Pair{String,Any}("veg", 3000.0),Pair{String,Any}("repr", 0))	a	4	false	A	A	7
4	p1-17	(31, 14, 1)	p1	Dict{String,Any}(Pair{String,Any}("veg", 3000.0),Pair{String,Any}("repr", 0))	a	4	false	A	A	7
4	p1-19	(17, 6, 1)	p1	Dict{String,Any}(Pair{String,Any}("veg", 2999.99),Pair{String,Any}("repr", 0))	a	4	false	A	A	7
4	p1-20	(3, 24, 1)	p1	Dict{String,Any}(Pair{String,Any}("veg", 3000.01),Pair{String,Any}("repr", 0))	a	4	false	A	A	7
5	p1-1	(7, 15, 1)	p1	Dict{String,Any}(Pair{String,Any}("veg", 3000.02),Pair{String,Any}("repr", 0))	a	5	false	A	A	7
5	p1-2	(33, 6, 1)	p1	Dict{String,Any}(Pair{String,Any}("veg", 3000.03),Pair{String,Any}("repr", 0))	a	5	false	A	A	7
5	p1-3	(3, 3, 1)	p1	Dict{String,Any}(Pair{String,Any}("veg", 2999.99),Pair{String,Any}("repr", 0))	a	5	false	A	A	7
5	p1-4	(12, 26, 1)	p1	Dict{String,Any}(Pair{String,Any}("veg", 3000.0),Pair{String,Any}("repr", 0))	a	5	false	A	A	7
5	p1-6	(33, 11, 1)	p1	Dict{String,Any}(Pair{String,Any}("veg", 3000.01),Pair{String,Any}("repr", 0))	a	5	false	A	A	7
5	p1-7	(1, 16, 1)	p1	Dict{String,Any}(Pair{String,Any}("veg", 3000.01),Pair{String,Any}("repr", 0))	a	5	false	A	A	7
5	p1-8	(24, 24, 1)	p1	Dict{String,Any}(Pair{String,Any}("veg", 3000.0),Pair{String,Any}("repr", 0))	a	5	false	A	A	7
5	p1-9	(4, 11, 1)	p1	Dict{String,Any}(Pair{String,Any}("veg", 2999.99),Pair{String,Any}("repr", 0))	a	5	false	A	A	7
5	p1-10	(9, 6, 1)	p1	Dict{String,Any}(Pair{String,Any}("veg", 3000.0),Pair{String,Any}("repr", 0))	a	5	false	A	A	7
5	p1-11	(18, 23, 1)	p1	Dict{String,Any}(Pair{String,Any}("veg", 3000.0),Pair{String,Any}("repr", 0))	a	5	false	A	A	7
5	p1-12	(7, 18, 1)	p1	Dict{String,Any}(Pair{String,Any}("veg", 2999.99),Pair{String,Any}("repr", 0))	a	5	false	A	A	7
5	p1-13	(25, 19, 1)	p1	Dict{String,Any}(Pair{String,Any}("veg", 2999.99),Pair{String,Any}("repr", 0))	a	5	false	A	A	7
5	p1-14	(5, 3, 1)	p1	Dict{String,Any}(Pair{String,Any}("veg", 3000.01),Pair{String,Any}("repr", 0))	a	5	false	A	A	7
5	p1-15	(32, 29, 1)	p1	Dict{String,Any}(Pair{String,Any}("veg", 3000.04),Pair{String,Any}("repr", 0))	a	5	false	A	A	7
5	p1-16	(2, 13, 1)	p1	Dict{String,Any}(Pair{String,Any}("veg", 3000.0),Pair{String,Any}("repr", 0))	a	5	false	A	A	7
5	p1-17	(31, 14, 1)	p1	Dict{String,Any}(Pair{String,Any}("veg", 3000.0),Pair{String,Any}("repr", 0))	a	5	false	A	A	7
5	p1-19	(17, 6, 1)	p1	Dict{String,Any}(Pair{String,Any}("veg", 2999.99),Pair{String,Any}("repr", 0))	a	5	false	A	A	7
5	p1-20	(3, 24, 1)	p1	Dict{String,Any}(Pair{String,Any}("veg", 3000.01),Pair{String,Any}("repr", 0))	a	5	false	A	A	7
6	p1-1	(7, 15, 1)	p1	Dict{String,Any}(Pair{String,Any}("veg", 3000.02),Pair{String,Any}("repr", 0))	a	6	false	A	A	7
6	p1-2	(33, 6, 1)	p1	Dict{String,Any}(Pair{String,Any}("veg", 3000.03),Pair{String,Any}("repr", 0))	a	6	false	A	A	7
6	p1-3	(3, 3, 1)	p1	Dict{String,Any}(Pair{String,Any}("veg", 2999.99),Pair{String,Any}("repr", 0))	a	6	false	A	A	7
6	p1-4	(12, 26, 1)	p1	Dict{String,Any}(Pair{String,Any}("veg", 3000.0),Pair{String,Any}("repr", 0))	a	6	false	A	A	7
6	p1-6	(33, 11, 1)	p1	Dict{String,Any}(Pair{String,Any}("veg", 3000.01),Pair{String,Any}("repr", 0))	a	6	false	A	A	7
6	p1-7	(1, 16, 1)	p1	Dict{String,Any}(Pair{String,Any}("veg", 3000.01),Pair{String,Any}("repr", 0))	a	6	false	A	A	7
6	p1-8	(24, 24, 1)	p1	Dict{String,Any}(Pair{String,Any}("veg", 3000.0),Pair{String,Any}("repr", 0))	a	6	false	A	A	7
6	p1-9	(4, 11, 1)	p1	Dict{String,Any}(Pair{String,Any}("veg", 2999.99),Pair{String,Any}("repr", 0))	a	6	false	A	A	7
6	p1-10	(9, 6, 1)	p1	Dict{String,Any}(Pair{String,Any}("veg", 3000.0),Pair{String,Any}("repr", 0))	a	6	false	A	A	7
6	p1-11	(18, 23, 1)	p1	Dict{String,Any}(Pair{String,Any}("veg", 3000.0),Pair{String,Any}("repr", 0))	a	6	false	A	A	7
6	p1-12	(7, 18, 1)	p1	Dict{String,Any}(Pair{String,Any}("veg", 2999.99),Pair{String,Any}("repr", 0))	a	6	false	A	A	7
6	p1-13	(25, 19, 1)	p1	Dict{String,Any}(Pair{String,Any}("veg", 2999.99),Pair{String,Any}("repr", 0))	a	6	false	A	A	7
6	p1-14	(5, 3, 1)	p1	Dict{String,Any}(Pair{String,Any}("veg", 3000.01),Pair{String,Any}("repr", 0))	a	6	false	A	A	7
6	p1-15	(32, 29, 1)	p1	Dict{String,Any}(Pair{String,Any}("veg", 3000.04),Pair{String,Any}("repr", 0))	a	6	false	A	A	7
6	p1-16	(2, 13, 1)	p1	Dict{String,Any}(Pair{String,Any}("veg", 3000.0),Pair{String,Any}("repr", 0))	a	6	false	A	A	7
6	p1-17	(31, 14, 1)	p1	Dict{String,Any}(Pair{String,Any}("veg", 3000.0),Pair{String,Any}("repr", 0))	a	6	false	A	A	7
6	p1-19	(17, 6, 1)	p1	Dict{String,Any}(Pair{String,Any}("veg", 2999.99),Pair{String,Any}("repr", 0))	a	6	false	A	A	7
6	p1-20	(3, 24, 1)	p1	Dict{String,Any}(Pair{String,Any}("veg", 3000.01),Pair{String,Any}("repr", 0))	a	6	false	A	A	7
7	p1-1	(7, 15, 1)	p1	Dict{String,Any}(Pair{String,Any}("veg", 3000.02),Pair{String,Any}("repr", 0))	a	7	false	A	A	7
7	p1-2	(33, 6, 1)	p1	Dict{String,Any}(Pair{String,Any}("veg", 3000.03),Pair{String,Any}("repr", 0))	a	7	false	A	A	7
7	p1-3	(3, 3, 1)	p1	Dict{String,Any}(Pair{String,Any}("veg", 2999.99),Pair{String,Any}("repr", 0))	a	7	false	A	A	7
7	p1-4	(12, 26, 1)	p1	Dict{String,Any}(Pair{String,Any}("veg", 3000.0),Pair{String,Any}("repr", 0))	a	7	false	A	A	7
7	p1-6	(33, 11, 1)	p1	Dict{String,Any}(Pair{String,Any}("veg", 3000.01),Pair{String,Any}("repr", 0))	a	7	false	A	A	7
7	p1-7	(1, 16, 1)	p1	Dict{String,Any}(Pair{String,Any}("veg", 3000.01),Pair{String,Any}("repr", 0))	a	7	false	A	A	7
7	p1-8	(24, 24, 1)	p1	Dict{String,Any}(Pair{String,Any}("veg", 3000.0),Pair{String,Any}("repr", 0))	a	7	false	A	A	7
7	p1-9	(4, 11, 1)	p1	Dict{String,Any}(Pair{String,Any}("veg", 2999.99),Pair{String,Any}("repr", 0))	a	7	false	A	A	7
7	p1-10	(9, 6, 1)	p1	Dict{String,Any}(Pair{String,Any}("veg", 3000.0),Pair{String,Any}("repr", 0))	a	7	false	A	A	7
7	p1-11	(18, 23, 1)	p1	Dict{String,Any}(Pair{String,Any}("veg", 3000.0),Pair{String,Any}("repr", 0))	a	7	false	A	A	7
7	p1-12	(7, 18, 1)	p1	Dict{String,Any}(Pair{String,Any}("veg", 2999.99),Pair{String,Any}("repr", 0))	a	7	false	A	A	7
7	p1-13	(25, 19, 1)	p1	Dict{String,Any}(Pair{String,Any}("veg", 2999.99),Pair{String,Any}("repr", 0))	a	7	false	A	A	7
7	p1-14	(5, 3, 1)	p1	Dict{String,Any}(Pair{String,Any}("veg", 3000.01),Pair{String,Any}("repr", 0))	a	7	false	A	A	7
7	p1-15	(32, 29, 1)	p1	Dict{String,Any}(Pair{String,Any}("veg", 3000.04),Pair{String,Any}("repr", 0))	a	7	false	A	A	7
7	p1-16	(2, 13, 1)	p1	Dict{String,Any}(Pair{String,Any}("veg", 3000.0),Pair{String,Any}("repr", 0))	a	7	false	A	A	7
7	p1-17	(31, 14, 1)	p1	Dict{String,Any}(Pair{String,Any}("veg", 3000.0),Pair{String,Any}("repr", 0))	a	7	false	A	A	7
7	p1-19	(17, 6, 1)	p1	Dict{String,Any}(Pair{String,Any}("veg", 2999.99),Pair{String,Any}("repr", 0))	a	7	false	A	A	7
7	p1-20	(3, 24, 1)	p1	Dict{String,Any}(Pair{String,Any}("veg", 3000.01),Pair{String,Any}("repr", 0))	a	7	false	A	A	7
8	p1-1	(7, 15, 1)	p1	Dict{String,Any}(Pair{String,Any}("veg", 3000.02),Pair{String,Any}("repr", 0))	a	8	false	A	A	7
8	p1-2	(33, 6, 1)	p1	Dict{String,Any}(Pair{String,Any}("veg", 3000.03),Pair{String,Any}("repr", 0))	a	8	false	A	A	7
8	p1-3	(3, 3, 1)	p1	Dict{String,Any}(Pair{String,Any}("veg", 2999.99),Pair{String,Any}("repr", 0))	a	8	false	A	A	7
8	p1-4	(12, 26, 1)	p1	Dict{String,Any}(Pair{String,Any}("veg", 3000.0),Pair{String,Any}("repr", 0))	a	8	false	A	A	7
8	p1-6	(33, 11, 1)	p1	Dict{String,Any}(Pair{String,Any}("veg", 3000.01),Pair{String,Any}("repr", 0))	a	8	false	A	A	7
8	p1-7	(1, 16, 1)	p1	Dict{String,Any}(Pair{String,Any}("veg", 3000.01),Pair{String,Any}("repr", 0))	a	8	false	A	A	7
8	p1-8	(24, 24, 1)	p1	Dict{String,Any}(Pair{String,Any}("veg", 3000.0),Pair{String,Any}("repr", 0))	a	8	false	A	A	7
8	p1-9	(4, 11, 1)	p1	Dict{String,Any}(Pair{String,Any}("veg", 2999.99),Pair{String,Any}("repr", 0))	a	8	false	A	A	7
8	p1-10	(9, 6, 1)	p1	Dict{String,Any}(Pair{String,Any}("veg", 3000.0),Pair{String,Any}("repr", 0))	a	8	false	A	A	7
8	p1-11	(18, 23, 1)	p1	Dict{String,Any}(Pair{String,Any}("veg", 3000.0),Pair{String,Any}("repr", 0))	a	8	false	A	A	7
8	p1-12	(7, 18, 1)	p1	Dict{String,Any}(Pair{String,Any}("veg", 2999.99),Pair{String,Any}("repr", 0))	a	8	false	A	A	7
8	p1-13	(25, 19, 1)	p1	Dict{String,Any}(Pair{String,Any}("veg", 2999.99),Pair{String,Any}("repr", 0))	a	8	false	A	A	7
8	p1-14	(5, 3, 1)	p1	Dict{String,Any}(Pair{String,Any}("veg", 3000.01),Pair{String,Any}("repr", 0))	a	8	false	A	A	7
8	p1-15	(32, 29, 1)	p1	Dict{String,Any}(Pair{String,Any}("veg", 3000.04),Pair{String,Any}("repr", 0))	a	8	false	A	A	7
8	p1-16	(2, 13, 1)	p1	Dict{String,Any}(Pair{String,Any}("veg", 3000.0),Pair{String,Any}("repr", 0))	a	8	false	A	A	7
8	p1-17	(31, 14, 1)	p1	Dict{String,Any}(Pair{String,Any}("veg", 3000.0),Pair{String,Any}("repr", 0))	a	8	false	A	A	7
8	p1-19	(17, 6, 1)	p1	Dict{String,Any}(Pair{String,Any}("veg", 2999.99),Pair{String,Any}("repr", 0))	a	8	false	A	A	7
8	p1-20	(3, 24, 1)	p1	Dict{String,Any}(Pair{String,Any}("veg", 3000.01),Pair{String,Any}("repr", 0))	a	8	false	A	A	7
9	p1-1	(7, 15, 1)	p1	Dict{String,Any}(Pair{String,Any}("veg", 3000.02),Pair{String,Any}("repr", 0))	a	9	false	A	A	7
9	p1-2	(33, 6, 1)	p1	Dict{String,Any}(Pair{String,Any}("veg", 3000.03),Pair{String,Any}("repr", 0))	a	9	false	A	A	7
9	p1-3	(3, 3, 1)	p1	Dict{String,Any}(Pair{String,Any}("veg", 2999.99),Pair{String,Any}("repr", 0))	a	9	false	A	A	7
9	p1-4	(12, 26, 1)	p1	Dict{String,Any}(Pair{String,Any}("veg", 3000.0),Pair{String,Any}("repr", 0))	a	9	false	A	A	7
9	p1-6	(33, 11, 1)	p1	Dict{String,Any}(Pair{String,Any}("veg", 3000.01),Pair{String,Any}("repr", 0))	a	9	false	A	A	7
9	p1-7	(1, 16, 1)	p1	Dict{String,Any}(Pair{String,Any}("veg", 3000.01),Pair{String,Any}("repr", 0))	a	9	false	A	A	7
9	p1-8	(24, 24, 1)	p1	Dict{String,Any}(Pair{String,Any}("veg", 3000.0),Pair{String,Any}("repr", 0))	a	9	false	A	A	7
9	p1-9	(4, 11, 1)	p1	Dict{String,Any}(Pair{String,Any}("veg", 2999.99),Pair{String,Any}("repr", 0))	a	9	false	A	A	7
9	p1-10	(9, 6, 1)	p1	Dict{String,Any}(Pair{String,Any}("veg", 3000.0),Pair{String,Any}("repr", 0))	a	9	false	A	A	7
9	p1-11	(18, 23, 1)	p1	Dict{String,Any}(Pair{String,Any}("veg", 3000.0),Pair{String,Any}("repr", 0))	a	9	false	A	A	7
9	p1-12	(7, 18, 1)	p1	Dict{String,Any}(Pair{String,Any}("veg", 2999.99),Pair{String,Any}("repr", 0))	a	9	false	A	A	7
9	p1-13	(25, 19, 1)	p1	Dict{String,Any}(Pair{String,Any}("veg", 2999.99),Pair{String,Any}("repr", 0))	a	9	false	A	A	7
9	p1-14	(5, 3, 1)	p1	Dict{String,Any}(Pair{String,Any}("veg", 3000.01),Pair{String,Any}("repr", 0))	a	9	false	A	A	7
9	p1-15	(32, 29, 1)	p1	Dict{String,Any}(Pair{String,Any}("veg", 3000.04),Pair{String,Any}("repr", 0))	a	9	false	A	A	7
9	p1-16	(2, 13, 1)	p1	Dict{String,Any}(Pair{String,Any}("veg", 3000.0),Pair{String,Any}("repr", 0))	a	9	false	A	A	7
9	p1-17	(31, 14, 1)	p1	Dict{String,Any}(Pair{String,Any}("veg", 3000.0),Pair{String,Any}("repr", 0))	a	9	false	A	A	7
9	p1-19	(17, 6, 1)	p1	Dict{String,Any}(Pair{String,Any}("veg", 2999.99),Pair{String,Any}("repr", 0))	a	9	false	A	A	7
9	p1-20	(3, 24, 1)	p1	Dict{String,Any}(Pair{String,Any}("veg", 3000.01),Pair{String,Any}("repr", 0))	a	9	false	A	A	7
10	p1-1	(7, 15, 1)	p1	Dict{String,Any}(Pair{String,Any}("veg", 3000.02),Pair{String,Any}("repr", 0))	a	10	false	A	A	7
10	p1-2	(33, 6, 1)	p1	Dict{String,Any}(Pair{String,Any}("veg", 3000.03),Pair{String,Any}("repr", 0))	a	10	false	A	A	7
10	p1-3	(3, 3, 1)	p1	Dict{String,Any}(Pair{String,Any}("veg", 2999.99),Pair{String,Any}("repr", 0))	a	10	false	A	A	7
10	p1-4	(12, 26, 1)	p1	Dict{String,Any}(Pair{String,Any}("veg", 3000.0),Pair{String,Any}("repr", 0))	a	10	false	A	A	7
10	p1-6	(33, 11, 1)	p1	Dict{String,Any}(Pair{String,Any}("veg", 3000.01),Pair{String,Any}("repr", 0))	a	10	false	A	A	7
10	p1-7	(1, 16, 1)	p1	Dict{String,Any}(Pair{String,Any}("veg", 3000.01),Pair{String,Any}("repr", 0))	a	10	false	A	A	7
10	p1-8	(24, 24, 1)	p1	Dict{String,Any}(Pair{String,Any}("veg", 3000.0),Pair{String,Any}("repr", 0))	a	10	false	A	A	7
10	p1-9	(4, 11, 1)	p1	Dict{String,Any}(Pair{String,Any}("veg", 2999.99),Pair{String,Any}("repr", 0))	a	10	false	A	A	7
10	p1-10	(9, 6, 1)	p1	Dict{String,Any}(Pair{String,Any}("veg", 3000.0),Pair{String,Any}("repr", 0))	a	10	false	A	A	7
10	p1-11	(18, 23, 1)	p1	Dict{String,Any}(Pair{String,Any}("veg", 3000.0),Pair{String,Any}("repr", 0))	a	10	false	A	A	7
10	p1-12	(7, 18, 1)	p1	Dict{String,Any}(Pair{String,Any}("veg", 2999.99),Pair{String,Any}("repr", 0))	a	10	false	A	A	7
10	p1-13	(25, 19, 1)	p1	Dict{String,Any}(Pair{String,Any}("veg", 2999.99),Pair{String,Any}("repr", 0))	a	10	false	A	A	7
10	p1-14	(5, 3, 1)	p1	Dict{String,Any}(Pair{String,Any}("veg", 3000.01),Pair{String,Any}("repr", 0))	a	10	false	A	A	7
10	p1-15	(32, 29, 1)	p1	Dict{String,Any}(Pair{String,Any}("veg", 3000.04),Pair{String,Any}("repr", 0))	a	10	false	A	A	7
10	p1-16	(2, 13, 1)	p1	Dict{String,Any}(Pair{String,Any}("veg", 3000.0),Pair{String,Any}("repr", 0))	a	10	false	A	A	7
10	p1-17	(31, 14, 1)	p1	Dict{String,Any}(Pair{String,Any}("veg", 3000.0),Pair{String,Any}("repr", 0))	a	10	false	A	A	7
10	p1-19	(17, 6, 1)	p1	Dict{String,Any}(Pair{String,Any}("veg", 2999.99),Pair{String,Any}("repr", 0))	a	10	false	A	A	7
10	p1-20	(3, 24, 1)	p1	Dict{String,Any}(Pair{String,Any}("veg", 3000.01),Pair{String,Any}("repr", 0))	a	10	false	A	A	7
11	p1-1	(7, 15, 1)	p1	Dict{String,Any}(Pair{String,Any}("veg", 3000.02),Pair{String,Any}("repr", 0))	a	11	false	A	A	7
11	p1-2	(33, 6, 1)	p1	Dict{String,Any}(Pair{String,Any}("veg", 3000.03),Pair{String,Any}("repr", 0))	a	11	false	A	A	7
11	p1-3	(3, 3, 1)	p1	Dict{String,Any}(Pair{String,Any}("veg", 2999.99),Pair{String,Any}("repr", 0))	a	11	false	A	A	7
11	p1-4	(12, 26, 1)	p1	Dict{String,Any}(Pair{String,Any}("veg", 3000.0),Pair{String,Any}("repr", 0))	a	11	false	A	A	7
11	p1-6	(33, 11, 1)	p1	Dict{String,Any}(Pair{String,Any}("veg", 3000.01),Pair{String,Any}("repr", 0))	a	11	false	A	A	7
11	p1-7	(1, 16, 1)	p1	Dict{String,Any}(Pair{String,Any}("veg", 3000.01),Pair{String,Any}("repr", 0))	a	11	false	A	A	7
11	p1-8	(24, 24, 1)	p1	Dict{String,Any}(Pair{String,Any}("veg", 3000.0),Pair{String,Any}("repr", 0))	a	11	false	A	A	7
11	p1-9	(4, 11, 1)	p1	Dict{String,Any}(Pair{String,Any}("veg", 2999.99),Pair{String,Any}("repr", 0))	a	11	false	A	A	7
11	p1-10	(9, 6, 1)	p1	Dict{String,Any}(Pair{String,Any}("veg", 3000.0),Pair{String,Any}("repr", 0))	a	11	false	A	A	7
11	p1-11	(18, 23, 1)	p1	Dict{String,Any}(Pair{String,Any}("veg", 3000.0),Pair{String,Any}("repr", 0))	a	11	false	A	A	7
11	p1-12	(7, 18, 1)	p1	Dict{String,Any}(Pair{String,Any}("veg", 2999.99),Pair{String,Any}("repr", 0))	a	11	false	A	A	7
11	p1-13	(25, 19, 1)	p1	Dict{String,Any}(Pair{String,Any}("veg", 2999.99),Pair{String,Any}("repr", 0))	a	11	false	A	A	7
11	p1-14	(5, 3, 1)	p1	Dict{String,Any}(Pair{String,Any}("veg", 3000.01),Pair{String,Any}("repr", 0))	a	11	false	A	A	7
11	p1-15	(32, 29, 1)	p1	Dict{String,Any}(Pair{String,Any}("veg", 3000.04),Pair{String,Any}("repr", 0))	a	11	false	A	A	7
11	p1-16	(2, 13, 1)	p1	Dict{String,Any}(Pair{String,Any}("veg", 3000.0),Pair{String,Any}("repr", 0))	a	11	false	A	A	7
11	p1-17	(31, 14, 1)	p1	Dict{String,Any}(Pair{String,Any}("veg", 3000.0),Pair{String,Any}("repr", 0))	a	11	false	A	A	7
11	p1-19	(17, 6, 1)	p1	Dict{String,Any}(Pair{String,Any}("veg", 2999.99),Pair{String,Any}("repr", 0))	a	11	false	A	A	7
11	p1-20	(3, 24, 1)	p1	Dict{String,Any}(Pair{String,Any}("veg", 3000.01),Pair{String,Any}("repr", 0))	a	11	false	A	A	7
12	p1-1	(7, 15, 1)	p1	Dict{String,Any}(Pair{String,Any}("veg", 3000.02),Pair{String,Any}("repr", 0))	a	12	false	A	A	7
12	p1-2	(33, 6, 1)	p1	Dict{String,Any}(Pair{String,Any}("veg", 3000.03),Pair{String,Any}("repr", 0))	a	12	false	A	A	7
12	p1-3	(3, 3, 1)	p1	Dict{String,Any}(Pair{String,Any}("veg", 2999.99),Pair{String,Any}("repr", 0))	a	12	false	A	A	7
12	p1-4	(12, 26, 1)	p1	Dict{String,Any}(Pair{String,Any}("veg", 3000.0),Pair{String,Any}("repr", 0))	a	12	false	A	A	7
12	p1-6	(33, 11, 1)	p1	Dict{String,Any}(Pair{String,Any}("veg", 3000.01),Pair{String,Any}("repr", 0))	a	12	false	A	A	7
12	p1-7	(1, 16, 1)	p1	Dict{String,Any}(Pair{String,Any}("veg", 3000.01),Pair{String,Any}("repr", 0))	a	12	false	A	A	7
12	p1-8	(24, 24, 1)	p1	Dict{String,Any}(Pair{String,Any}("veg", 3000.0),Pair{String,Any}("repr", 0))	a	12	false	A	A	7
12	p1-9	(4, 11, 1)	p1	Dict{String,Any}(Pair{String,Any}("veg", 2999.99),Pair{String,Any}("repr", 0))	a	12	false	A	A	7
12	p1-11	(18, 23, 1)	p1	Dict{String,Any}(Pair{String,Any}("veg", 3000.0),Pair{String,Any}("repr", 0))	a	12	false	A	A	7
12	p1-12	(7, 18, 1)	p1	Dict{String,Any}(Pair{String,Any}("veg", 2999.99),Pair{String,Any}("repr", 0))	a	12	false	A	A	7
12	p1-13	(25, 19, 1)	p1	Dict{String,Any}(Pair{String,Any}("veg", 2999.99),Pair{String,Any}("repr", 0))	a	12	false	A	A	7
12	p1-14	(5, 3, 1)	p1	Dict{String,Any}(Pair{String,Any}("veg", 3000.01),Pair{String,Any}("repr", 0))	a	12	false	A	A	7
12	p1-15	(32, 29, 1)	p1	Dict{String,Any}(Pair{String,Any}("veg", 3000.04),Pair{String,Any}("repr", 0))	a	12	false	A	A	7
12	p1-16	(2, 13, 1)	p1	Dict{String,Any}(Pair{String,Any}("veg", 3000.0),Pair{String,Any}("repr", 0))	a	12	false	A	A	7
12	p1-17	(31, 14, 1)	p1	Dict{String,Any}(Pair{String,Any}("veg", 3000.0),Pair{String,Any}("repr", 0))	a	12	false	A	A	7
12	p1-19	(17, 6, 1)	p1	Dict{String,Any}(Pair{String,Any}("veg", 2999.99),Pair{String,Any}("repr", 0))	a	12	false	A	A	7
12	p1-20	(3, 24, 1)	p1	Dict{String,Any}(Pair{String,Any}("veg", 3000.01),Pair{String,Any}("repr", 0))	a	12	false	A	A	7
13	p1-1	(7, 15, 1)	p1	Dict{String,Any}(Pair{String,Any}("veg", 3000.02),Pair{String,Any}("repr", 0))	a	13	false	A	A	7
13	p1-2	(33, 6, 1)	p1	Dict{String,Any}(Pair{String,Any}("veg", 3000.03),Pair{String,Any}("repr", 0))	a	13	false	A	A	7
13	p1-3	(3, 3, 1)	p1	Dict{String,Any}(Pair{String,Any}("veg", 2999.99),Pair{String,Any}("repr", 0))	a	13	false	A	A	7
13	p1-4	(12, 26, 1)	p1	Dict{String,Any}(Pair{String,Any}("veg", 3000.0),Pair{String,Any}("repr", 0))	a	13	false	A	A	7
13	p1-6	(33, 11, 1)	p1	Dict{String,Any}(Pair{String,Any}("veg", 3000.01),Pair{String,Any}("repr", 0))	a	13	false	A	A	7
13	p1-7	(1, 16, 1)	p1	Dict{String,Any}(Pair{String,Any}("veg", 3000.01),Pair{String,Any}("repr", 0))	a	13	false	A	A	7
13	p1-8	(24, 24, 1)	p1	Dict{String,Any}(Pair{String,Any}("veg", 3000.0),Pair{String,Any}("repr", 0))	a	13	false	A	A	7
13	p1-9	(4, 11, 1)	p1	Dict{String,Any}(Pair{String,Any}("veg", 2999.99),Pair{String,Any}("repr", 0))	a	13	false	A	A	7
13	p1-11	(18, 23, 1)	p1	Dict{String,Any}(Pair{String,Any}("veg", 3000.0),Pair{String,Any}("repr", 0))	a	13	false	A	A	7
13	p1-12	(7, 18, 1)	p1	Dict{String,Any}(Pair{String,Any}("veg", 2999.99),Pair{String,Any}("repr", 0))	a	13	false	A	A	7
13	p1-13	(25, 19, 1)	p1	Dict{String,Any}(Pair{String,Any}("veg", 2999.99),Pair{String,Any}("repr", 0))	a	13	false	A	A	7
13	p1-14	(5, 3, 1)	p1	Dict{String,Any}(Pair{String,Any}("veg", 3000.01),Pair{String,Any}("repr", 0))	a	13	false	A	A	7
13	p1-15	(32, 29, 1)	p1	Dict{String,Any}(Pair{String,Any}("veg", 3000.04),Pair{String,Any}("repr", 0))	a	13	false	A	A	7
13	p1-16	(2, 13, 1)	p1	Dict{String,Any}(Pair{String,Any}("veg", 3000.0),Pair{String,Any}("repr", 0))	a	13	false	A	A	7
13	p1-17	(31, 14, 1)	p1	Dict{String,Any}(Pair{String,Any}("veg", 3000.0),Pair{String,Any}("repr", 0))	a	13	false	A	A	7
13	p1-19	(17, 6, 1)	p1	Dict{String,Any}(Pair{String,Any}("veg", 2999.99),Pair{String,Any}("repr", 0))	a	13	false	A	A	7
13	p1-20	(3, 24, 1)	p1	Dict{String,Any}(Pair{String,Any}("veg", 3000.01),Pair{String,Any}("repr", 0))	a	13	false	A	A	7
14	p1-1	(7, 15, 1)	p1	Dict{String,Any}(Pair{String,Any}("veg", 3000.02),Pair{String,Any}("repr", 0))	a	14	false	A	A	7
14	p1-2	(33, 6, 1)	p1	Dict{String,Any}(Pair{String,Any}("veg", 3000.03),Pair{String,Any}("repr", 0))	a	14	false	A	A	7
14	p1-3	(3, 3, 1)	p1	Dict{String,Any}(Pair{String,Any}("veg", 2999.99),Pair{String,Any}("repr", 0))	a	14	false	A	A	7
14	p1-4	(12, 26, 1)	p1	Dict{String,Any}(Pair{String,Any}("veg", 3000.0),Pair{String,Any}("repr", 0))	a	14	false	A	A	7
14	p1-6	(33, 11, 1)	p1	Dict{String,Any}(Pair{String,Any}("veg", 3000.01),Pair{String,Any}("repr", 0))	a	14	false	A	A	7
14	p1-7	(1, 16, 1)	p1	Dict{String,Any}(Pair{String,Any}("veg", 3000.01),Pair{String,Any}("repr", 0))	a	14	false	A	A	7
14	p1-8	(24, 24, 1)	p1	Dict{String,Any}(Pair{String,Any}("veg", 3000.0),Pair{String,Any}("repr", 0))	a	14	false	A	A	7
14	p1-9	(4, 11, 1)	p1	Dict{String,Any}(Pair{String,Any}("veg", 2999.99),Pair{String,Any}("repr", 0))	a	14	false	A	A	7
14	p1-11	(18, 23, 1)	p1	Dict{String,Any}(Pair{String,Any}("veg", 3000.0),Pair{String,Any}("repr", 0))	a	14	false	A	A	7
14	p1-12	(7, 18, 1)	p1	Dict{String,Any}(Pair{String,Any}("veg", 2999.99),Pair{String,Any}("repr", 0))	a	14	false	A	A	7
14	p1-13	(25, 19, 1)	p1	Dict{String,Any}(Pair{String,Any}("veg", 2999.99),Pair{String,Any}("repr", 0))	a	14	false	A	A	7
14	p1-14	(5, 3, 1)	p1	Dict{String,Any}(Pair{String,Any}("veg", 3000.01),Pair{String,Any}("repr", 0))	a	14	false	A	A	7
14	p1-16	(2, 13, 1)	p1	Dict{String,Any}(Pair{String,Any}("veg", 3000.0),Pair{String,Any}("repr", 0))	a	14	false	A	A	7
14	p1-19	(17, 6, 1)	p1	Dict{String,Any}(Pair{String,Any}("veg", 2999.99),Pair{String,Any}("repr", 0))	a	14	false	A	A	7
14	p1-20	(3, 24, 1)	p1	Dict{String,Any}(Pair{String,Any}("veg", 3000.01),Pair{String,Any}("repr", 0))	a	14	false	A	A	7
15	p1-1	(7, 15, 1)	p1	Dict{String,Any}(Pair{String,Any}("veg", 3000.02),Pair{String,Any}("repr", 0))	a	15	false	A	A	7
15	p1-2	(33, 6, 1)	p1	Dict{String,Any}(Pair{String,Any}("veg", 3000.03),Pair{String,Any}("repr", 0))	a	15	false	A	A	7
15	p1-3	(3, 3, 1)	p1	Dict{String,Any}(Pair{String,Any}("veg", 2999.99),Pair{String,Any}("repr", 0))	a	15	false	A	A	7
15	p1-4	(12, 26, 1)	p1	Dict{String,Any}(Pair{String,Any}("veg", 3000.0),Pair{String,Any}("repr", 0))	a	15	false	A	A	7
15	p1-6	(33, 11, 1)	p1	Dict{String,Any}(Pair{String,Any}("veg", 3000.01),Pair{String,Any}("repr", 0))	a	15	false	A	A	7
15	p1-7	(1, 16, 1)	p1	Dict{String,Any}(Pair{String,Any}("veg", 3000.01),Pair{String,Any}("repr", 0))	a	15	false	A	A	7
15	p1-8	(24, 24, 1)	p1	Dict{String,Any}(Pair{String,Any}("veg", 3000.0),Pair{String,Any}("repr", 0))	a	15	false	A	A	7
15	p1-9	(4, 11, 1)	p1	Dict{String,Any}(Pair{String,Any}("veg", 2999.99),Pair{String,Any}("repr", 0))	a	15	false	A	A	7
15	p1-11	(18, 23, 1)	p1	Dict{String,Any}(Pair{String,Any}("veg", 3000.0),Pair{String,Any}("repr", 0))	a	15	false	A	A	7
15	p1-12	(7, 18, 1)	p1	Dict{String,Any}(Pair{String,Any}("veg", 2999.99),Pair{String,Any}("repr", 0))	a	15	false	A	A	7
15	p1-13	(25, 19, 1)	p1	Dict{String,Any}(Pair{String,Any}("veg", 2999.99),Pair{String,Any}("repr", 0))	a	15	false	A	A	7
15	p1-14	(5, 3, 1)	p1	Dict{String,Any}(Pair{String,Any}("veg", 3000.01),Pair{String,Any}("repr", 0))	a	15	false	A	A	7
15	p1-16	(2, 13, 1)	p1	Dict{String,Any}(Pair{String,Any}("veg", 3000.0),Pair{String,Any}("repr", 0))	a	15	false	A	A	7
15	p1-19	(17, 6, 1)	p1	Dict{String,Any}(Pair{String,Any}("veg", 2999.99),Pair{String,Any}("repr", 0))	a	15	false	A	A	7
15	p1-20	(3, 24, 1)	p1	Dict{String,Any}(Pair{String,Any}("veg", 3000.01),Pair{String,Any}("repr", 0))	a	15	false	A	A	7
16	p1-1	(7, 15, 1)	p1	Dict{String,Any}(Pair{String,Any}("veg", 3000.02),Pair{String,Any}("repr", 0))	a	16	false	A	A	7
16	p1-2	(33, 6, 1)	p1	Dict{String,Any}(Pair{String,Any}("veg", 3000.03),Pair{String,Any}("repr", 0))	a	16	false	A	A	7
16	p1-3	(3, 3, 1)	p1	Dict{String,Any}(Pair{String,Any}("veg", 2999.99),Pair{String,Any}("repr", 0))	a	16	false	A	A	7
16	p1-4	(12, 26, 1)	p1	Dict{String,Any}(Pair{String,Any}("veg", 3000.0),Pair{String,Any}("repr", 0))	a	16	false	A	A	7
16	p1-6	(33, 11, 1)	p1	Dict{String,Any}(Pair{String,Any}("veg", 3000.01),Pair{String,Any}("repr", 0))	a	16	false	A	A	7
16	p1-7	(1, 16, 1)	p1	Dict{String,Any}(Pair{String,Any}("veg", 3000.01),Pair{String,Any}("repr", 0))	a	16	false	A	A	7
16	p1-8	(24, 24, 1)	p1	Dict{String,Any}(Pair{String,Any}("veg", 3000.0),Pair{String,Any}("repr", 0))	a	16	false	A	A	7
16	p1-9	(4, 11, 1)	p1	Dict{String,Any}(Pair{String,Any}("veg", 2999.99),Pair{String,Any}("repr", 0))	a	16	false	A	A	7
16	p1-11	(18, 23, 1)	p1	Dict{String,Any}(Pair{String,Any}("veg", 3000.0),Pair{String,Any}("repr", 0))	a	16	false	A	A	7
16	p1-12	(7, 18, 1)	p1	Dict{String,Any}(Pair{String,Any}("veg", 2999.99),Pair{String,Any}("repr", 0))	a	16	false	A	A	7
16	p1-13	(25, 19, 1)	p1	Dict{String,Any}(Pair{String,Any}("veg", 2999.99),Pair{String,Any}("repr", 0))	a	16	false	A	A	7
16	p1-14	(5, 3, 1)	p1	Dict{String,Any}(Pair{String,Any}("veg", 3000.01),Pair{String,Any}("repr", 0))	a	16	false	A	A	7
16	p1-16	(2, 13, 1)	p1	Dict{String,Any}(Pair{String,Any}("veg", 3000.0),Pair{String,Any}("repr", 0))	a	16	false	A	A	7
16	p1-19	(17, 6, 1)	p1	Dict{String,Any}(Pair{String,Any}("veg", 2999.99),Pair{String,Any}("repr", 0))	a	16	false	A	A	7
16	p1-20	(3, 24, 1)	p1	Dict{String,Any}(Pair{String,Any}("veg", 3000.01),Pair{String,Any}("repr", 0))	a	16	false	A	A	7
17	p1-1	(7, 15, 1)	p1	Dict{String,Any}(Pair{String,Any}("veg", 3000.02),Pair{String,Any}("repr", 0))	a	17	false	A	A	7
17	p1-2	(33, 6, 1)	p1	Dict{String,Any}(Pair{String,Any}("veg", 3000.03),Pair{String,Any}("repr", 0))	a	17	false	A	A	7
17	p1-3	(3, 3, 1)	p1	Dict{String,Any}(Pair{String,Any}("veg", 2999.99),Pair{String,Any}("repr", 0))	a	17	false	A	A	7
17	p1-4	(12, 26, 1)	p1	Dict{String,Any}(Pair{String,Any}("veg", 3000.0),Pair{String,Any}("repr", 0))	a	17	false	A	A	7
17	p1-6	(33, 11, 1)	p1	Dict{String,Any}(Pair{String,Any}("veg", 3000.01),Pair{String,Any}("repr", 0))	a	17	false	A	A	7
17	p1-7	(1, 16, 1)	p1	Dict{String,Any}(Pair{String,Any}("veg", 3000.01),Pair{String,Any}("repr", 0))	a	17	false	A	A	7
17	p1-8	(24, 24, 1)	p1	Dict{String,Any}(Pair{String,Any}("veg", 3000.0),Pair{String,Any}("repr", 0))	a	17	false	A	A	7
17	p1-9	(4, 11, 1)	p1	Dict{String,Any}(Pair{String,Any}("veg", 2999.99),Pair{String,Any}("repr", 0))	a	17	false	A	A	7
17	p1-11	(18, 23, 1)	p1	Dict{String,Any}(Pair{String,Any}("veg", 3000.0),Pair{String,Any}("repr", 0))	a	17	false	A	A	7
17	p1-12	(7, 18, 1)	p1	Dict{String,Any}(Pair{String,Any}("veg", 2999.99),Pair{String,Any}("repr", 0))	a	17	false	A	A	7
17	p1-13	(25, 19, 1)	p1	Dict{String,Any}(Pair{String,Any}("veg", 2999.99),Pair{String,Any}("repr", 0))	a	17	false	A	A	7
17	p1-14	(5, 3, 1)	p1	Dict{String,Any}(Pair{String,Any}("veg", 3000.01),Pair{String,Any}("repr", 0))	a	17	false	A	A	7
17	p1-16	(2, 13, 1)	p1	Dict{String,Any}(Pair{String,Any}("veg", 3000.0),Pair{String,Any}("repr", 0))	a	17	false	A	A	7
17	p1-19	(17, 6, 1)	p1	Dict{String,Any}(Pair{String,Any}("veg", 2999.99),Pair{String,Any}("repr", 0))	a	17	false	A	A	7
17	p1-20	(3, 24, 1)	p1	Dict{String,Any}(Pair{String,Any}("veg", 3000.01),Pair{String,Any}("repr", 0))	a	17	false	A	A	7
18	p1-1	(7, 15, 1)	p1	Dict{String,Any}(Pair{String,Any}("veg", 3000.02),Pair{String,Any}("repr", 0))	a	18	false	A	A	7
18	p1-2	(33, 6, 1)	p1	Dict{String,Any}(Pair{String,Any}("veg", 3000.03),Pair{String,Any}("repr", 0))	a	18	false	A	A	7
18	p1-3	(3, 3, 1)	p1	Dict{String,Any}(Pair{String,Any}("veg", 2999.99),Pair{String,Any}("repr", 0))	a	18	false	A	A	7
18	p1-4	(12, 26, 1)	p1	Dict{String,Any}(Pair{String,Any}("veg", 3000.0),Pair{String,Any}("repr", 0))	a	18	false	A	A	7
18	p1-6	(33, 11, 1)	p1	Dict{String,Any}(Pair{String,Any}("veg", 3000.01),Pair{String,Any}("repr", 0))	a	18	false	A	A	7
18	p1-7	(1, 16, 1)	p1	Dict{String,Any}(Pair{String,Any}("veg", 3000.01),Pair{String,Any}("repr", 0))	a	18	false	A	A	7
18	p1-8	(24, 24, 1)	p1	Dict{String,Any}(Pair{String,Any}("veg", 3000.0),Pair{String,Any}("repr", 0))	a	18	false	A	A	7
18	p1-9	(4, 11, 1)	p1	Dict{String,Any}(Pair{String,Any}("veg", 2999.99),Pair{String,Any}("repr", 0))	a	18	false	A	A	7
18	p1-11	(18, 23, 1)	p1	Dict{String,Any}(Pair{String,Any}("veg", 3000.0),Pair{String,Any}("repr", 0))	a	18	false	A	A	7
18	p1-12	(7, 18, 1)	p1	Dict{String,Any}(Pair{String,Any}("veg", 2999.99),Pair{String,Any}("repr", 0))	a	18	false	A	A	7
18	p1-13	(25, 19, 1)	p1	Dict{String,Any}(Pair{String,Any}("veg", 2999.99),Pair{String,Any}("repr", 0))	a	18	false	A	A	7
18	p1-14	(5, 3, 1)	p1	Dict{String,Any}(Pair{String,Any}("veg", 3000.01),Pair{String,Any}("repr", 0))	a	18	false	A	A	7
18	p1-16	(2, 13, 1)	p1	Dict{String,Any}(Pair{String,Any}("veg", 3000.0),Pair{String,Any}("repr", 0))	a	18	false	A	A	7
18	p1-19	(17, 6, 1)	p1	Dict{String,Any}(Pair{String,Any}("veg", 2999.99),Pair{String,Any}("repr", 0))	a	18	false	A	A	7
18	p1-20	(3, 24, 1)	p1	Dict{String,Any}(Pair{String,Any}("veg", 3000.01),Pair{String,Any}("repr", 0))	a	18	false	A	A	7
19	p1-1	(7, 15, 1)	p1	Dict{String,Any}(Pair{String,Any}("veg", 3000.02),Pair{String,Any}("repr", 0))	a	19	false	A	A	7
19	p1-2	(33, 6, 1)	p1	Dict{String,Any}(Pair{String,Any}("veg", 3000.03),Pair{String,Any}("repr", 0))	a	19	false	A	A	7
19	p1-3	(3, 3, 1)	p1	Dict{String,Any}(Pair{String,Any}("veg", 2999.99),Pair{String,Any}("repr", 0))	a	19	false	A	A	7
19	p1-4	(12, 26, 1)	p1	Dict{String,Any}(Pair{String,Any}("veg", 3000.0),Pair{String,Any}("repr", 0))	a	19	false	A	A	7
19	p1-6	(33, 11, 1)	p1	Dict{String,Any}(Pair{String,Any}("veg", 3000.01),Pair{String,Any}("repr", 0))	a	19	false	A	A	7
19	p1-7	(1, 16, 1)	p1	Dict{String,Any}(Pair{String,Any}("veg", 3000.01),Pair{String,Any}("repr", 0))	a	19	false	A	A	7
19	p1-8	(24, 24, 1)	p1	Dict{String,Any}(Pair{String,Any}("veg", 3000.0),Pair{String,Any}("repr", 0))	a	19	false	A	A	7
19	p1-9	(4, 11, 1)	p1	Dict{String,Any}(Pair{String,Any}("veg", 2999.99),Pair{String,Any}("repr", 0))	a	19	false	A	A	7
19	p1-11	(18, 23, 1)	p1	Dict{String,Any}(Pair{String,Any}("veg", 3000.0),Pair{String,Any}("repr", 0))	a	19	false	A	A	7
19	p1-12	(7, 18, 1)	p1	Dict{String,Any}(Pair{String,Any}("veg", 2999.99),Pair{String,Any}("repr", 0))	a	19	false	A	A	7
19	p1-13	(25, 19, 1)	p1	Dict{String,Any}(Pair{String,Any}("veg", 2999.99),Pair{String,Any}("repr", 0))	a	19	false	A	A	7
19	p1-14	(5, 3, 1)	p1	Dict{String,Any}(Pair{String,Any}("veg", 3000.01),Pair{String,Any}("repr", 0))	a	19	false	A	A	7
19	p1-16	(2, 13, 1)	p1	Dict{String,Any}(Pair{String,Any}("veg", 3000.0),Pair{String,Any}("repr", 0))	a	19	false	A	A	7
19	p1-19	(17, 6, 1)	p1	Dict{String,Any}(Pair{String,Any}("veg", 2999.99),Pair{String,Any}("repr", 0))	a	19	false	A	A	7
19	p1-20	(3, 24, 1)	p1	Dict{String,Any}(Pair{String,Any}("veg", 3000.01),Pair{String,Any}("repr", 0))	a	19	false	A	A	7
20	p1-1	(7, 15, 1)	p1	Dict{String,Any}(Pair{String,Any}("veg", 3000.02),Pair{String,Any}("repr", 0))	a	20	false	A	A	7
20	p1-2	(33, 6, 1)	p1	Dict{String,Any}(Pair{String,Any}("veg", 3000.03),Pair{String,Any}("repr", 0))	a	20	false	A	A	7
20	p1-3	(3, 3, 1)	p1	Dict{String,Any}(Pair{String,Any}("veg", 2999.99),Pair{String,Any}("repr", 0))	a	20	false	A	A	7
20	p1-4	(12, 26, 1)	p1	Dict{String,Any}(Pair{String,Any}("veg", 3000.0),Pair{String,Any}("repr", 0))	a	20	false	A	A	7
20	p1-6	(33, 11, 1)	p1	Dict{String,Any}(Pair{String,Any}("veg", 3000.01),Pair{String,Any}("repr", 0))	a	20	false	A	A	7
20	p1-7	(1, 16, 1)	p1	Dict{String,Any}(Pair{String,Any}("veg", 3000.01),Pair{String,Any}("repr", 0))	a	20	false	A	A	7
20	p1-8	(24, 24, 1)	p1	Dict{String,Any}(Pair{String,Any}("veg", 3000.0),Pair{String,Any}("repr", 0))	a	20	false	A	A	7
20	p1-9	(4, 11, 1)	p1	Dict{String,Any}(Pair{String,Any}("veg", 2999.99),Pair{String,Any}("repr", 0))	a	20	false	A	A	7
20	p1-11	(18, 23, 1)	p1	Dict{String,Any}(Pair{String,Any}("veg", 3000.0),Pair{String,Any}("repr", 0))	a	20	false	A	A	7
20	p1-12	(7, 18, 1)	p1	Dict{String,Any}(Pair{String,Any}("veg", 2999.99),Pair{String,Any}("repr", 0))	a	20	false	A	A	7
20	p1-13	(25, 19, 1)	p1	Dict{String,Any}(Pair{String,Any}("veg", 2999.99),Pair{String,Any}("repr", 0))	a	20	false	A	A	7
20	p1-14	(5, 3, 1)	p1	Dict{String,Any}(Pair{String,Any}("veg", 3000.01),Pair{String,Any}("repr", 0))	a	20	false	A	A	7
20	p1-16	(2, 13, 1)	p1	Dict{String,Any}(Pair{String,Any}("veg", 3000.0),Pair{String,Any}("repr", 0))	a	20	false	A	A	7
20	p1-19	(17, 6, 1)	p1	Dict{String,Any}(Pair{String,Any}("veg", 2999.99),Pair{String,Any}("repr", 0))	a	20	false	A	A	7
20	p1-20	(3, 24, 1)	p1	Dict{String,Any}(Pair{String,Any}("veg", 3000.01),Pair{String,Any}("repr", 0))	a	20	false	A	A	7
21	p1-1	(7, 15, 1)	p1	Dict{String,Any}(Pair{String,Any}("veg", 3000.02),Pair{String,Any}("repr", 0))	a	21	false	A	A	7
21	p1-2	(33, 6, 1)	p1	Dict{String,Any}(Pair{String,Any}("veg", 3000.03),Pair{String,Any}("repr", 0))	a	21	false	A	A	7
21	p1-3	(3, 3, 1)	p1	Dict{String,Any}(Pair{String,Any}("veg", 2999.99),Pair{String,Any}("repr", 0))	a	21	false	A	A	7
21	p1-4	(12, 26, 1)	p1	Dict{String,Any}(Pair{String,Any}("veg", 3000.0),Pair{String,Any}("repr", 0))	a	21	false	A	A	7
21	p1-6	(33, 11, 1)	p1	Dict{String,Any}(Pair{String,Any}("veg", 3000.01),Pair{String,Any}("repr", 0))	a	21	false	A	A	7
21	p1-7	(1, 16, 1)	p1	Dict{String,Any}(Pair{String,Any}("veg", 3000.01),Pair{String,Any}("repr", 0))	a	21	false	A	A	7
21	p1-8	(24, 24, 1)	p1	Dict{String,Any}(Pair{String,Any}("veg", 3000.0),Pair{String,Any}("repr", 0))	a	21	false	A	A	7
21	p1-9	(4, 11, 1)	p1	Dict{String,Any}(Pair{String,Any}("veg", 2999.99),Pair{String,Any}("repr", 0))	a	21	false	A	A	7
21	p1-11	(18, 23, 1)	p1	Dict{String,Any}(Pair{String,Any}("veg", 3000.0),Pair{String,Any}("repr", 0))	a	21	false	A	A	7
21	p1-12	(7, 18, 1)	p1	Dict{String,Any}(Pair{String,Any}("veg", 2999.99),Pair{String,Any}("repr", 0))	a	21	false	A	A	7
21	p1-13	(25, 19, 1)	p1	Dict{String,Any}(Pair{String,Any}("veg", 2999.99),Pair{String,Any}("repr", 0))	a	21	false	A	A	7
21	p1-14	(5, 3, 1)	p1	Dict{String,Any}(Pair{String,Any}("veg", 3000.01),Pair{String,Any}("repr", 0))	a	21	false	A	A	7
21	p1-16	(2, 13, 1)	p1	Dict{String,Any}(Pair{String,Any}("veg", 3000.0),Pair{String,Any}("repr", 0))	a	21	false	A	A	7
21	p1-19	(17, 6, 1)	p1	Dict{String,Any}(Pair{String,Any}("veg", 2999.99),Pair{String,Any}("repr", 0))	a	21	false	A	A	7
21	p1-20	(3, 24, 1)	p1	Dict{String,Any}(Pair{String,Any}("veg", 3000.01),Pair{String,Any}("repr", 0))	a	21	false	A	A	7
22	p1-1	(7, 15, 1)	p1	Dict{String,Any}(Pair{String,Any}("veg", 3000.02),Pair{String,Any}("repr", 0))	a	22	false	A	A	7
22	p1-2	(33, 6, 1)	p1	Dict{String,Any}(Pair{String,Any}("veg", 3000.03),Pair{String,Any}("repr", 0))	a	22	false	A	A	7
22	p1-3	(3, 3, 1)	p1	Dict{String,Any}(Pair{String,Any}("veg", 2999.99),Pair{String,Any}("repr", 0))	a	22	false	A	A	7
22	p1-4	(12, 26, 1)	p1	Dict{String,Any}(Pair{String,Any}("veg", 3000.0),Pair{String,Any}("repr", 0))	a	22	false	A	A	7
22	p1-6	(33, 11, 1)	p1	Dict{String,Any}(Pair{String,Any}("veg", 3000.01),Pair{String,Any}("repr", 0))	a	22	false	A	A	7
22	p1-7	(1, 16, 1)	p1	Dict{String,Any}(Pair{String,Any}("veg", 3000.01),Pair{String,Any}("repr", 0))	a	22	false	A	A	7
22	p1-8	(24, 24, 1)	p1	Dict{String,Any}(Pair{String,Any}("veg", 3000.0),Pair{String,Any}("repr", 0))	a	22	false	A	A	7
22	p1-9	(4, 11, 1)	p1	Dict{String,Any}(Pair{String,Any}("veg", 2999.99),Pair{String,Any}("repr", 0))	a	22	false	A	A	7
22	p1-11	(18, 23, 1)	p1	Dict{String,Any}(Pair{String,Any}("veg", 3000.0),Pair{String,Any}("repr", 0))	a	22	false	A	A	7
22	p1-12	(7, 18, 1)	p1	Dict{String,Any}(Pair{String,Any}("veg", 2999.99),Pair{String,Any}("repr", 0))	a	22	false	A	A	7
22	p1-13	(25, 19, 1)	p1	Dict{String,Any}(Pair{String,Any}("veg", 2999.99),Pair{String,Any}("repr", 0))	a	22	false	A	A	7
22	p1-14	(5, 3, 1)	p1	Dict{String,Any}(Pair{String,Any}("veg", 3000.01),Pair{String,Any}("repr", 0))	a	22	false	A	A	7
22	p1-16	(2, 13, 1)	p1	Dict{String,Any}(Pair{String,Any}("veg", 3000.0),Pair{String,Any}("repr", 0))	a	22	false	A	A	7
22	p1-19	(17, 6, 1)	p1	Dict{String,Any}(Pair{String,Any}("veg", 2999.99),Pair{String,Any}("repr", 0))	a	22	false	A	A	7
22	p1-20	(3, 24, 1)	p1	Dict{String,Any}(Pair{String,Any}("veg", 3000.01),Pair{String,Any}("repr", 0))	a	22	false	A	A	7
23	p1-1	(7, 15, 1)	p1	Dict{String,Any}(Pair{String,Any}("veg", 3000.02),Pair{String,Any}("repr", 0))	a	23	false	A	A	7
23	p1-2	(33, 6, 1)	p1	Dict{String,Any}(Pair{String,Any}("veg", 3000.03),Pair{String,Any}("repr", 0))	a	23	false	A	A	7
23	p1-3	(3, 3, 1)	p1	Dict{String,Any}(Pair{String,Any}("veg", 2999.99),Pair{String,Any}("repr", 0))	a	23	false	A	A	7
23	p1-4	(12, 26, 1)	p1	Dict{String,Any}(Pair{String,Any}("veg", 3000.0),Pair{String,Any}("repr", 0))	a	23	false	A	A	7
23	p1-6	(33, 11, 1)	p1	Dict{String,Any}(Pair{String,Any}("veg", 3000.01),Pair{String,Any}("repr", 0))	a	23	false	A	A	7
23	p1-7	(1, 16, 1)	p1	Dict{String,Any}(Pair{String,Any}("veg", 3000.01),Pair{String,Any}("repr", 0))	a	23	false	A	A	7
23	p1-8	(24, 24, 1)	p1	Dict{String,Any}(Pair{String,Any}("veg", 3000.0),Pair{String,Any}("repr", 0))	a	23	false	A	A	7
23	p1-9	(4, 11, 1)	p1	Dict{String,Any}(Pair{String,Any}("veg", 2999.99),Pair{String,Any}("repr", 0))	a	23	false	A	A	7
23	p1-11	(18, 23, 1)	p1	Dict{String,Any}(Pair{String,Any}("veg", 3000.0),Pair{String,Any}("repr", 0))	a	23	false	A	A	7
23	p1-12	(7, 18, 1)	p1	Dict{String,Any}(Pair{String,Any}("veg", 2999.99),Pair{String,Any}("repr", 0))	a	23	false	A	A	7
23	p1-13	(25, 19, 1)	p1	Dict{String,Any}(Pair{String,Any}("veg", 2999.99),Pair{String,Any}("repr", 0))	a	23	false	A	A	7
23	p1-14	(5, 3, 1)	p1	Dict{String,Any}(Pair{String,Any}("veg", 3000.01),Pair{String,Any}("repr", 0))	a	23	false	A	A	7
23	p1-16	(2, 13, 1)	p1	Dict{String,Any}(Pair{String,Any}("veg", 3000.0),Pair{String,Any}("repr", 0))	a	23	false	A	A	7
23	p1-19	(17, 6, 1)	p1	Dict{String,Any}(Pair{String,Any}("veg", 2999.99),Pair{String,Any}("repr", 0))	a	23	false	A	A	7
23	p1-20	(3, 24, 1)	p1	Dict{String,Any}(Pair{String,Any}("veg", 3000.01),Pair{String,Any}("repr", 0))	a	23	false	A	A	7
24	p1-1	(7, 15, 1)	p1	Dict{String,Any}(Pair{String,Any}("veg", 3000.02),Pair{String,Any}("repr", 0))	a	24	false	A	A	7
24	p1-2	(33, 6, 1)	p1	Dict{String,Any}(Pair{String,Any}("veg", 3000.03),Pair{String,Any}("repr", 0))	a	24	false	A	A	7
24	p1-3	(3, 3, 1)	p1	Dict{String,Any}(Pair{String,Any}("veg", 2999.99),Pair{String,Any}("repr", 0))	a	24	false	A	A	7
24	p1-4	(12, 26, 1)	p1	Dict{String,Any}(Pair{String,Any}("veg", 3000.0),Pair{String,Any}("repr", 0))	a	24	false	A	A	7
24	p1-6	(33, 11, 1)	p1	Dict{String,Any}(Pair{String,Any}("veg", 3000.01),Pair{String,Any}("repr", 0))	a	24	false	A	A	7
24	p1-7	(1, 16, 1)	p1	Dict{String,Any}(Pair{String,Any}("veg", 3000.01),Pair{String,Any}("repr", 0))	a	24	false	A	A	7
24	p1-8	(24, 24, 1)	p1	Dict{String,Any}(Pair{String,Any}("veg", 3000.0),Pair{String,Any}("repr", 0))	a	24	false	A	A	7
24	p1-9	(4, 11, 1)	p1	Dict{String,Any}(Pair{String,Any}("veg", 2999.99),Pair{String,Any}("repr", 0))	a	24	false	A	A	7
24	p1-11	(18, 23, 1)	p1	Dict{String,Any}(Pair{String,Any}("veg", 3000.0),Pair{String,Any}("repr", 0))	a	24	false	A	A	7
24	p1-12	(7, 18, 1)	p1	Dict{String,Any}(Pair{String,Any}("veg", 2999.99),Pair{String,Any}("repr", 0))	a	24	false	A	A	7
24	p1-13	(25, 19, 1)	p1	Dict{String,Any}(Pair{String,Any}("veg", 2999.99),Pair{String,Any}("repr", 0))	a	24	false	A	A	7
24	p1-14	(5, 3, 1)	p1	Dict{String,Any}(Pair{String,Any}("veg", 3000.01),Pair{String,Any}("repr", 0))	a	24	false	A	A	7
24	p1-16	(2, 13, 1)	p1	Dict{String,Any}(Pair{String,Any}("veg", 3000.0),Pair{String,Any}("repr", 0))	a	24	false	A	A	7
24	p1-19	(17, 6, 1)	p1	Dict{String,Any}(Pair{String,Any}("veg", 2999.99),Pair{String,Any}("repr", 0))	a	24	false	A	A	7
24	p1-20	(3, 24, 1)	p1	Dict{String,Any}(Pair{String,Any}("veg", 3000.01),Pair{String,Any}("repr", 0))	a	24	false	A	A	7
25	p1-1	(7, 15, 1)	p1	Dict{String,Any}(Pair{String,Any}("veg", 3000.02),Pair{String,Any}("repr", 0))	a	25	false	A	A	7
25	p1-2	(33, 6, 1)	p1	Dict{String,Any}(Pair{String,Any}("veg", 3000.03),Pair{String,Any}("repr", 0))	a	25	false	A	A	7
25	p1-3	(3, 3, 1)	p1	Dict{String,Any}(Pair{String,Any}("veg", 2999.99),Pair{String,Any}("repr", 0))	a	25	false	A	A	7
25	p1-4	(12, 26, 1)	p1	Dict{String,Any}(Pair{String,Any}("veg", 3000.0),Pair{String,Any}("repr", 0))	a	25	false	A	A	7
25	p1-6	(33, 11, 1)	p1	Dict{String,Any}(Pair{String,Any}("veg", 3000.01),Pair{String,Any}("repr", 0))	a	25	false	A	A	7
25	p1-7	(1, 16, 1)	p1	Dict{String,Any}(Pair{String,Any}("veg", 3000.01),Pair{String,Any}("repr", 0))	a	25	false	A	A	7
25	p1-8	(24, 24, 1)	p1	Dict{String,Any}(Pair{String,Any}("veg", 3000.0),Pair{String,Any}("repr", 0))	a	25	false	A	A	7
25	p1-9	(4, 11, 1)	p1	Dict{String,Any}(Pair{String,Any}("veg", 2999.99),Pair{String,Any}("repr", 0))	a	25	false	A	A	7
25	p1-11	(18, 23, 1)	p1	Dict{String,Any}(Pair{String,Any}("veg", 3000.0),Pair{String,Any}("repr", 0))	a	25	false	A	A	7
25	p1-12	(7, 18, 1)	p1	Dict{String,Any}(Pair{String,Any}("veg", 2999.99),Pair{String,Any}("repr", 0))	a	25	false	A	A	7
25	p1-13	(25, 19, 1)	p1	Dict{String,Any}(Pair{String,Any}("veg", 2999.99),Pair{String,Any}("repr", 0))	a	25	false	A	A	7
25	p1-14	(5, 3, 1)	p1	Dict{String,Any}(Pair{String,Any}("veg", 3000.01),Pair{String,Any}("repr", 0))	a	25	false	A	A	7
25	p1-16	(2, 13, 1)	p1	Dict{String,Any}(Pair{String,Any}("veg", 3000.0),Pair{String,Any}("repr", 0))	a	25	false	A	A	7
25	p1-19	(17, 6, 1)	p1	Dict{String,Any}(Pair{String,Any}("veg", 2999.99),Pair{String,Any}("repr", 0))	a	25	false	A	A	7
25	p1-20	(3, 24, 1)	p1	Dict{String,Any}(Pair{String,Any}("veg", 3000.01),Pair{String,Any}("repr", 0))	a	25	false	A	A	7
26	p1-1	(7, 15, 1)	p1	Dict{String,Any}(Pair{String,Any}("veg", 3000.02),Pair{String,Any}("repr", 0))	a	26	false	A	A	7
26	p1-2	(33, 6, 1)	p1	Dict{String,Any}(Pair{String,Any}("veg", 3000.03),Pair{String,Any}("repr", 0))	a	26	false	A	A	7
26	p1-3	(3, 3, 1)	p1	Dict{String,Any}(Pair{String,Any}("veg", 2999.99),Pair{String,Any}("repr", 0))	a	26	false	A	A	7
26	p1-4	(12, 26, 1)	p1	Dict{String,Any}(Pair{String,Any}("veg", 3000.0),Pair{String,Any}("repr", 0))	a	26	false	A	A	7
26	p1-6	(33, 11, 1)	p1	Dict{String,Any}(Pair{String,Any}("veg", 3000.01),Pair{String,Any}("repr", 0))	a	26	false	A	A	7
26	p1-7	(1, 16, 1)	p1	Dict{String,Any}(Pair{String,Any}("veg", 3000.01),Pair{String,Any}("repr", 0))	a	26	false	A	A	7
26	p1-8	(24, 24, 1)	p1	Dict{String,Any}(Pair{String,Any}("veg", 3000.0),Pair{String,Any}("repr", 0))	a	26	false	A	A	7
26	p1-9	(4, 11, 1)	p1	Dict{String,Any}(Pair{String,Any}("veg", 2999.99),Pair{String,Any}("repr", 0))	a	26	false	A	A	7
26	p1-11	(18, 23, 1)	p1	Dict{String,Any}(Pair{String,Any}("veg", 3000.0),Pair{String,Any}("repr", 0))	a	26	false	A	A	7
26	p1-12	(7, 18, 1)	p1	Dict{String,Any}(Pair{String,Any}("veg", 2999.99),Pair{String,Any}("repr", 0))	a	26	false	A	A	7
26	p1-13	(25, 19, 1)	p1	Dict{String,Any}(Pair{String,Any}("veg", 2999.99),Pair{String,Any}("repr", 0))	a	26	false	A	A	7
26	p1-14	(5, 3, 1)	p1	Dict{String,Any}(Pair{String,Any}("veg", 3000.01),Pair{String,Any}("repr", 0))	a	26	false	A	A	7
26	p1-16	(2, 13, 1)	p1	Dict{String,Any}(Pair{String,Any}("veg", 3000.0),Pair{String,Any}("repr", 0))	a	26	false	A	A	7
26	p1-19	(17, 6, 1)	p1	Dict{String,Any}(Pair{String,Any}("veg", 2999.99),Pair{String,Any}("repr", 0))	a	26	false	A	A	7
26	p1-20	(3, 24, 1)	p1	Dict{String,Any}(Pair{String,Any}("veg", 3000.01),Pair{String,Any}("repr", 0))	a	26	false	A	A	7
27	p1-1	(7, 15, 1)	p1	Dict{String,Any}(Pair{String,Any}("veg", 3000.02),Pair{String,Any}("repr", 0))	a	27	false	A	A	7
27	p1-2	(33, 6, 1)	p1	Dict{String,Any}(Pair{String,Any}("veg", 3000.03),Pair{String,Any}("repr", 0))	a	27	false	A	A	7
27	p1-3	(3, 3, 1)	p1	Dict{String,Any}(Pair{String,Any}("veg", 2999.99),Pair{String,Any}("repr", 0))	a	27	false	A	A	7
27	p1-4	(12, 26, 1)	p1	Dict{String,Any}(Pair{String,Any}("veg", 3000.0),Pair{String,Any}("repr", 0))	a	27	false	A	A	7
27	p1-6	(33, 11, 1)	p1	Dict{String,Any}(Pair{String,Any}("veg", 3000.01),Pair{String,Any}("repr", 0))	a	27	false	A	A	7
27	p1-7	(1, 16, 1)	p1	Dict{String,Any}(Pair{String,Any}("veg", 3000.01),Pair{String,Any}("repr", 0))	a	27	false	A	A	7
27	p1-8	(24, 24, 1)	p1	Dict{String,Any}(Pair{String,Any}("veg", 3000.0),Pair{String,Any}("repr", 0))	a	27	false	A	A	7
27	p1-9	(4, 11, 1)	p1	Dict{String,Any}(Pair{String,Any}("veg", 2999.99),Pair{String,Any}("repr", 0))	a	27	false	A	A	7
27	p1-11	(18, 23, 1)	p1	Dict{String,Any}(Pair{String,Any}("veg", 3000.0),Pair{String,Any}("repr", 0))	a	27	false	A	A	7
27	p1-12	(7, 18, 1)	p1	Dict{String,Any}(Pair{String,Any}("veg", 2999.99),Pair{String,Any}("repr", 0))	a	27	false	A	A	7
27	p1-13	(25, 19, 1)	p1	Dict{String,Any}(Pair{String,Any}("veg", 2999.99),Pair{String,Any}("repr", 0))	a	27	false	A	A	7
27	p1-14	(5, 3, 1)	p1	Dict{String,Any}(Pair{String,Any}("veg", 3000.01),Pair{String,Any}("repr", 0))	a	27	false	A	A	7
27	p1-16	(2, 13, 1)	p1	Dict{String,Any}(Pair{String,Any}("veg", 3000.0),Pair{String,Any}("repr", 0))	a	27	false	A	A	7
27	p1-19	(17, 6, 1)	p1	Dict{String,Any}(Pair{String,Any}("veg", 2999.99),Pair{String,Any}("repr", 0))	a	27	false	A	A	7
27	p1-20	(3, 24, 1)	p1	Dict{String,Any}(Pair{String,Any}("veg", 3000.01),Pair{String,Any}("repr", 0))	a	27	false	A	A	7
28	p1-1	(7, 15, 1)	p1	Dict{String,Any}(Pair{String,Any}("veg", 3000.02),Pair{String,Any}("repr", 0))	a	28	false	A	A	7
28	p1-2	(33, 6, 1)	p1	Dict{String,Any}(Pair{String,Any}("veg", 3000.03),Pair{String,Any}("repr", 0))	a	28	false	A	A	7
28	p1-3	(3, 3, 1)	p1	Dict{String,Any}(Pair{String,Any}("veg", 2999.99),Pair{String,Any}("repr", 0))	a	28	false	A	A	7
28	p1-4	(12, 26, 1)	p1	Dict{String,Any}(Pair{String,Any}("veg", 3000.0),Pair{String,Any}("repr", 0))	a	28	false	A	A	7
28	p1-6	(33, 11, 1)	p1	Dict{String,Any}(Pair{String,Any}("veg", 3000.01),Pair{String,Any}("repr", 0))	a	28	false	A	A	7
28	p1-7	(1, 16, 1)	p1	Dict{String,Any}(Pair{String,Any}("veg", 3000.01),Pair{String,Any}("repr", 0))	a	28	false	A	A	7
28	p1-8	(24, 24, 1)	p1	Dict{String,Any}(Pair{String,Any}("veg", 3000.0),Pair{String,Any}("repr", 0))	a	28	false	A	A	7
28	p1-9	(4, 11, 1)	p1	Dict{String,Any}(Pair{String,Any}("veg", 2999.99),Pair{String,Any}("repr", 0))	a	28	false	A	A	7
28	p1-11	(18, 23, 1)	p1	Dict{String,Any}(Pair{String,Any}("veg", 3000.0),Pair{String,Any}("repr", 0))	a	28	false	A	A	7
28	p1-12	(7, 18, 1)	p1	Dict{String,Any}(Pair{String,Any}("veg", 2999.99),Pair{String,Any}("repr", 0))	a	28	false	A	A	7
28	p1-13	(25, 19, 1)	p1	Dict{String,Any}(Pair{String,Any}("veg", 2999.99),Pair{String,Any}("repr", 0))	a	28	false	A	A	7
28	p1-14	(5, 3, 1)	p1	Dict{String,Any}(Pair{String,Any}("veg", 3000.01),Pair{String,Any}("repr", 0))	a	28	false	A	A	7
28	p1-16	(2, 13, 1)	p1	Dict{String,Any}(Pair{String,Any}("veg", 3000.0),Pair{String,Any}("repr", 0))	a	28	false	A	A	7
28	p1-19	(17, 6, 1)	p1	Dict{String,Any}(Pair{String,Any}("veg", 2999.99),Pair{String,Any}("repr", 0))	a	28	false	A	A	7
28	p1-20	(3, 24, 1)	p1	Dict{String,Any}(Pair{String,Any}("veg", 3000.01),Pair{String,Any}("repr", 0))	a	28	false	A	A	7
29	p1-1	(7, 15, 1)	p1	Dict{String,Any}(Pair{String,Any}("veg", 3000.02),Pair{String,Any}("repr", 0))	a	29	false	A	A	7
29	p1-2	(33, 6, 1)	p1	Dict{String,Any}(Pair{String,Any}("veg", 3000.03),Pair{String,Any}("repr", 0))	a	29	false	A	A	7
29	p1-3	(3, 3, 1)	p1	Dict{String,Any}(Pair{String,Any}("veg", 2999.99),Pair{String,Any}("repr", 0))	a	29	false	A	A	7
29	p1-4	(12, 26, 1)	p1	Dict{String,Any}(Pair{String,Any}("veg", 3000.0),Pair{String,Any}("repr", 0))	a	29	false	A	A	7
29	p1-6	(33, 11, 1)	p1	Dict{String,Any}(Pair{String,Any}("veg", 3000.01),Pair{String,Any}("repr", 0))	a	29	false	A	A	7
29	p1-7	(1, 16, 1)	p1	Dict{String,Any}(Pair{String,Any}("veg", 3000.01),Pair{String,Any}("repr", 0))	a	29	false	A	A	7
29	p1-8	(24, 24, 1)	p1	Dict{String,Any}(Pair{String,Any}("veg", 3000.0),Pair{String,Any}("repr", 0))	a	29	false	A	A	7
29	p1-9	(4, 11, 1)	p1	Dict{String,Any}(Pair{String,Any}("veg", 2999.99),Pair{String,Any}("repr", 0))	a	29	false	A	A	7
29	p1-11	(18, 23, 1)	p1	Dict{String,Any}(Pair{String,Any}("veg", 3000.0),Pair{String,Any}("repr", 0))	a	29	false	A	A	7
29	p1-12	(7, 18, 1)	p1	Dict{String,Any}(Pair{String,Any}("veg", 2999.99),Pair{String,Any}("repr", 0))	a	29	false	A	A	7
29	p1-13	(25, 19, 1)	p1	Dict{String,Any}(Pair{String,Any}("veg", 2999.99),Pair{String,Any}("repr", 0))	a	29	false	A	A	7
29	p1-14	(5, 3, 1)	p1	Dict{String,Any}(Pair{String,Any}("veg", 3000.01),Pair{String,Any}("repr", 0))	a	29	false	A	A	7
29	p1-16	(2, 13, 1)	p1	Dict{String,Any}(Pair{String,Any}("veg", 3000.0),Pair{String,Any}("repr", 0))	a	29	false	A	A	7
29	p1-19	(17, 6, 1)	p1	Dict{String,Any}(Pair{String,Any}("veg", 2999.99),Pair{String,Any}("repr", 0))	a	29	false	A	A	7
29	p1-20	(3, 24, 1)	p1	Dict{String,Any}(Pair{String,Any}("veg", 3000.01),Pair{String,Any}("repr", 0))	a	29	false	A	A	7
30	p1-1	(7, 15, 1)	p1	Dict{String,Any}(Pair{String,Any}("veg", 3000.02),Pair{String,Any}("repr", 0))	a	30	false	A	A	7
30	p1-2	(33, 6, 1)	p1	Dict{String,Any}(Pair{String,Any}("veg", 3000.03),Pair{String,Any}("repr", 0))	a	30	false	A	A	7
30	p1-3	(3, 3, 1)	p1	Dict{String,Any}(Pair{String,Any}("veg", 2999.99),Pair{String,Any}("repr", 0))	a	30	false	A	A	7
30	p1-4	(12, 26, 1)	p1	Dict{String,Any}(Pair{String,Any}("veg", 3000.0),Pair{String,Any}("repr", 0))	a	30	false	A	A	7
30	p1-6	(33, 11, 1)	p1	Dict{String,Any}(Pair{String,Any}("veg", 3000.01),Pair{String,Any}("repr", 0))	a	30	false	A	A	7
30	p1-7	(1, 16, 1)	p1	Dict{String,Any}(Pair{String,Any}("veg", 3000.01),Pair{String,Any}("repr", 0))	a	30	false	A	A	7
30	p1-8	(24, 24, 1)	p1	Dict{String,Any}(Pair{String,Any}("veg", 3000.0),Pair{String,Any}("repr", 0))	a	30	false	A	A	7
30	p1-9	(4, 11, 1)	p1	Dict{String,Any}(Pair{String,Any}("veg", 2999.99),Pair{String,Any}("repr", 0))	a	30	false	A	A	7
30	p1-11	(18, 23, 1)	p1	Dict{String,Any}(Pair{String,Any}("veg", 3000.0),Pair{String,Any}("repr", 0))	a	30	false	A	A	7
30	p1-12	(7, 18, 1)	p1	Dict{String,Any}(Pair{String,Any}("veg", 2999.99),Pair{String,Any}("repr", 0))	a	30	false	A	A	7
30	p1-13	(25, 19, 1)	p1	Dict{String,Any}(Pair{String,Any}("veg", 2999.99),Pair{String,Any}("repr", 0))	a	30	false	A	A	7
30	p1-14	(5, 3, 1)	p1	Dict{String,Any}(Pair{String,Any}("veg", 3000.01),Pair{String,Any}("repr", 0))	a	30	false	A	A	7
30	p1-16	(2, 13, 1)	p1	Dict{String,Any}(Pair{String,Any}("veg", 3000.0),Pair{String,Any}("repr", 0))	a	30	false	A	A	7
30	p1-19	(17, 6, 1)	p1	Dict{String,Any}(Pair{String,Any}("veg", 2999.99),Pair{String,Any}("repr", 0))	a	30	false	A	A	7
30	p1-20	(3, 24, 1)	p1	Dict{String,Any}(Pair{String,Any}("veg", 3000.01),Pair{String,Any}("repr", 0))	a	30	false	A	A	7
31	p1-1	(7, 15, 1)	p1	Dict{String,Any}(Pair{String,Any}("veg", 3000.02),Pair{String,Any}("repr", 0))	a	31	false	A	A	7
31	p1-2	(33, 6, 1)	p1	Dict{String,Any}(Pair{String,Any}("veg", 3000.03),Pair{String,Any}("repr", 0))	a	31	false	A	A	7
31	p1-3	(3, 3, 1)	p1	Dict{String,Any}(Pair{String,Any}("veg", 2999.99),Pair{String,Any}("repr", 0))	a	31	false	A	A	7
31	p1-4	(12, 26, 1)	p1	Dict{String,Any}(Pair{String,Any}("veg", 3000.0),Pair{String,Any}("repr", 0))	a	31	false	A	A	7
31	p1-6	(33, 11, 1)	p1	Dict{String,Any}(Pair{String,Any}("veg", 3000.01),Pair{String,Any}("repr", 0))	a	31	false	A	A	7
31	p1-7	(1, 16, 1)	p1	Dict{String,Any}(Pair{String,Any}("veg", 3000.01),Pair{String,Any}("repr", 0))	a	31	false	A	A	7
31	p1-8	(24, 24, 1)	p1	Dict{String,Any}(Pair{String,Any}("veg", 3000.0),Pair{String,Any}("repr", 0))	a	31	false	A	A	7
31	p1-9	(4, 11, 1)	p1	Dict{String,Any}(Pair{String,Any}("veg", 2999.99),Pair{String,Any}("repr", 0))	a	31	false	A	A	7
31	p1-11	(18, 23, 1)	p1	Dict{String,Any}(Pair{String,Any}("veg", 3000.0),Pair{String,Any}("repr", 0))	a	31	false	A	A	7
31	p1-12	(7, 18, 1)	p1	Dict{String,Any}(Pair{String,Any}("veg", 2999.99),Pair{String,Any}("repr", 0))	a	31	false	A	A	7
31	p1-13	(25, 19, 1)	p1	Dict{String,Any}(Pair{String,Any}("veg", 2999.99),Pair{String,Any}("repr", 0))	a	31	false	A	A	7
31	p1-14	(5, 3, 1)	p1	Dict{String,Any}(Pair{String,Any}("veg", 3000.01),Pair{String,Any}("repr", 0))	a	31	false	A	A	7
31	p1-16	(2, 13, 1)	p1	Dict{String,Any}(Pair{String,Any}("veg", 3000.0),Pair{String,Any}("repr", 0))	a	31	false	A	A	7
31	p1-19	(17, 6, 1)	p1	Dict{String,Any}(Pair{String,Any}("veg", 2999.99),Pair{String,Any}("repr", 0))	a	31	false	A	A	7
31	p1-20	(3, 24, 1)	p1	Dict{String,Any}(Pair{String,Any}("veg", 3000.01),Pair{String,Any}("repr", 0))	a	31	false	A	A	7
32	p1-1	(7, 15, 1)	p1	Dict{String,Any}(Pair{String,Any}("veg", 3000.02),Pair{String,Any}("repr", 0))	a	32	false	A	A	7
32	p1-2	(33, 6, 1)	p1	Dict{String,Any}(Pair{String,Any}("veg", 3000.03),Pair{String,Any}("repr", 0))	a	32	false	A	A	7
32	p1-3	(3, 3, 1)	p1	Dict{String,Any}(Pair{String,Any}("veg", 2999.99),Pair{String,Any}("repr", 0))	a	32	false	A	A	7
32	p1-4	(12, 26, 1)	p1	Dict{String,Any}(Pair{String,Any}("veg", 3000.0),Pair{String,Any}("repr", 0))	a	32	false	A	A	7
32	p1-6	(33, 11, 1)	p1	Dict{String,Any}(Pair{String,Any}("veg", 3000.01),Pair{String,Any}("repr", 0))	a	32	false	A	A	7
32	p1-7	(1, 16, 1)	p1	Dict{String,Any}(Pair{String,Any}("veg", 3000.01),Pair{String,Any}("repr", 0))	a	32	false	A	A	7
32	p1-8	(24, 24, 1)	p1	Dict{String,Any}(Pair{String,Any}("veg", 3000.0),Pair{String,Any}("repr", 0))	a	32	false	A	A	7
32	p1-9	(4, 11, 1)	p1	Dict{String,Any}(Pair{String,Any}("veg", 2999.99),Pair{String,Any}("repr", 0))	a	32	false	A	A	7
32	p1-11	(18, 23, 1)	p1	Dict{String,Any}(Pair{String,Any}("veg", 3000.0),Pair{String,Any}("repr", 0))	a	32	false	A	A	7
32	p1-12	(7, 18, 1)	p1	Dict{String,Any}(Pair{String,Any}("veg", 2999.99),Pair{String,Any}("repr", 0))	a	32	false	A	A	7
32	p1-13	(25, 19, 1)	p1	Dict{String,Any}(Pair{String,Any}("veg", 2999.99),Pair{String,Any}("repr", 0))	a	32	false	A	A	7
32	p1-14	(5, 3, 1)	p1	Dict{String,Any}(Pair{String,Any}("veg", 3000.01),Pair{String,Any}("repr", 0))	a	32	false	A	A	7
32	p1-16	(2, 13, 1)	p1	Dict{String,Any}(Pair{String,Any}("veg", 3000.0),Pair{String,Any}("repr", 0))	a	32	false	A	A	7
32	p1-19	(17, 6, 1)	p1	Dict{String,Any}(Pair{String,Any}("veg", 2999.99),Pair{String,Any}("repr", 0))	a	32	false	A	A	7
32	p1-20	(3, 24, 1)	p1	Dict{String,Any}(Pair{String,Any}("veg", 3000.01),Pair{String,Any}("repr", 0))	a	32	false	A	A	7
33	p1-1	(7, 15, 1)	p1	Dict{String,Any}(Pair{String,Any}("veg", 3000.02),Pair{String,Any}("repr", 0))	a	33	false	A	A	7
33	p1-2	(33, 6, 1)	p1	Dict{String,Any}(Pair{String,Any}("veg", 3000.03),Pair{String,Any}("repr", 0))	a	33	false	A	A	7
33	p1-3	(3, 3, 1)	p1	Dict{String,Any}(Pair{String,Any}("veg", 2999.99),Pair{String,Any}("repr", 0))	a	33	false	A	A	7
33	p1-4	(12, 26, 1)	p1	Dict{String,Any}(Pair{String,Any}("veg", 3000.0),Pair{String,Any}("repr", 0))	a	33	false	A	A	7
33	p1-6	(33, 11, 1)	p1	Dict{String,Any}(Pair{String,Any}("veg", 3000.01),Pair{String,Any}("repr", 0))	a	33	false	A	A	7
33	p1-7	(1, 16, 1)	p1	Dict{String,Any}(Pair{String,Any}("veg", 3000.01),Pair{String,Any}("repr", 0))	a	33	false	A	A	7
33	p1-8	(24, 24, 1)	p1	Dict{String,Any}(Pair{String,Any}("veg", 3000.0),Pair{String,Any}("repr", 0))	a	33	false	A	A	7
33	p1-9	(4, 11, 1)	p1	Dict{String,Any}(Pair{String,Any}("veg", 2999.99),Pair{String,Any}("repr", 0))	a	33	false	A	A	7
33	p1-11	(18, 23, 1)	p1	Dict{String,Any}(Pair{String,Any}("veg", 3000.0),Pair{String,Any}("repr", 0))	a	33	false	A	A	7
33	p1-12	(7, 18, 1)	p1	Dict{String,Any}(Pair{String,Any}("veg", 2999.99),Pair{String,Any}("repr", 0))	a	33	false	A	A	7
33	p1-13	(25, 19, 1)	p1	Dict{String,Any}(Pair{String,Any}("veg", 2999.99),Pair{String,Any}("repr", 0))	a	33	false	A	A	7
33	p1-14	(5, 3, 1)	p1	Dict{String,Any}(Pair{String,Any}("veg", 3000.01),Pair{String,Any}("repr", 0))	a	33	false	A	A	7
33	p1-16	(2, 13, 1)	p1	Dict{String,Any}(Pair{String,Any}("veg", 3000.0),Pair{String,Any}("repr", 0))	a	33	false	A	A	7
33	p1-19	(17, 6, 1)	p1	Dict{String,Any}(Pair{String,Any}("veg", 2999.99),Pair{String,Any}("repr", 0))	a	33	false	A	A	7
33	p1-20	(3, 24, 1)	p1	Dict{String,Any}(Pair{String,Any}("veg", 3000.01),Pair{String,Any}("repr", 0))	a	33	false	A	A	7
34	p1-1	(7, 15, 1)	p1	Dict{String,Any}(Pair{String,Any}("veg", 3000.02),Pair{String,Any}("repr", 0))	a	34	false	A	A	7
34	p1-2	(33, 6, 1)	p1	Dict{String,Any}(Pair{String,Any}("veg", 3000.03),Pair{String,Any}("repr", 0))	a	34	false	A	A	7
34	p1-3	(3, 3, 1)	p1	Dict{String,Any}(Pair{String,Any}("veg", 2999.99),Pair{String,Any}("repr", 0))	a	34	false	A	A	7
34	p1-4	(12, 26, 1)	p1	Dict{String,Any}(Pair{String,Any}("veg", 3000.0),Pair{String,Any}("repr", 0))	a	34	false	A	A	7
34	p1-6	(33, 11, 1)	p1	Dict{String,Any}(Pair{String,Any}("veg", 3000.01),Pair{String,Any}("repr", 0))	a	34	false	A	A	7
34	p1-7	(1, 16, 1)	p1	Dict{String,Any}(Pair{String,Any}("veg", 3000.01),Pair{String,Any}("repr", 0))	a	34	false	A	A	7
34	p1-8	(24, 24, 1)	p1	Dict{String,Any}(Pair{String,Any}("veg", 3000.0),Pair{String,Any}("repr", 0))	a	34	false	A	A	7
34	p1-9	(4, 11, 1)	p1	Dict{String,Any}(Pair{String,Any}("veg", 2999.99),Pair{String,Any}("repr", 0))	a	34	false	A	A	7
34	p1-11	(18, 23, 1)	p1	Dict{String,Any}(Pair{String,Any}("veg", 3000.0),Pair{String,Any}("repr", 0))	a	34	false	A	A	7
34	p1-12	(7, 18, 1)	p1	Dict{String,Any}(Pair{String,Any}("veg", 2999.99),Pair{String,Any}("repr", 0))	a	34	false	A	A	7
34	p1-13	(25, 19, 1)	p1	Dict{String,Any}(Pair{String,Any}("veg", 2999.99),Pair{String,Any}("repr", 0))	a	34	false	A	A	7
34	p1-14	(5, 3, 1)	p1	Dict{String,Any}(Pair{String,Any}("veg", 3000.01),Pair{String,Any}("repr", 0))	a	34	false	A	A	7
34	p1-16	(2, 13, 1)	p1	Dict{String,Any}(Pair{String,Any}("veg", 3000.0),Pair{String,Any}("repr", 0))	a	34	false	A	A	7
34	p1-19	(17, 6, 1)	p1	Dict{String,Any}(Pair{String,Any}("veg", 2999.99),Pair{String,Any}("repr", 0))	a	34	false	A	A	7
34	p1-20	(3, 24, 1)	p1	Dict{String,Any}(Pair{String,Any}("veg", 3000.01),Pair{String,Any}("repr", 0))	a	34	false	A	A	7
35	p1-1	(7, 15, 1)	p1	Dict{String,Any}(Pair{String,Any}("veg", 3000.02),Pair{String,Any}("repr", 0))	a	35	false	A	A	7
35	p1-2	(33, 6, 1)	p1	Dict{String,Any}(Pair{String,Any}("veg", 3000.03),Pair{String,Any}("repr", 0))	a	35	false	A	A	7
35	p1-3	(3, 3, 1)	p1	Dict{String,Any}(Pair{String,Any}("veg", 2999.99),Pair{String,Any}("repr", 0))	a	35	false	A	A	7
35	p1-4	(12, 26, 1)	p1	Dict{String,Any}(Pair{String,Any}("veg", 3000.0),Pair{String,Any}("repr", 0))	a	35	false	A	A	7
35	p1-6	(33, 11, 1)	p1	Dict{String,Any}(Pair{String,Any}("veg", 3000.01),Pair{String,Any}("repr", 0))	a	35	false	A	A	7
35	p1-7	(1, 16, 1)	p1	Dict{String,Any}(Pair{String,Any}("veg", 3000.01),Pair{String,Any}("repr", 0))	a	35	false	A	A	7
35	p1-8	(24, 24, 1)	p1	Dict{String,Any}(Pair{String,Any}("veg", 3000.0),Pair{String,Any}("repr", 0))	a	35	false	A	A	7
35	p1-9	(4, 11, 1)	p1	Dict{String,Any}(Pair{String,Any}("veg", 2999.99),Pair{String,Any}("repr", 0))	a	35	false	A	A	7
35	p1-11	(18, 23, 1)	p1	Dict{String,Any}(Pair{String,Any}("veg", 3000.0),Pair{String,Any}("repr", 0))	a	35	false	A	A	7
35	p1-12	(7, 18, 1)	p1	Dict{String,Any}(Pair{String,Any}("veg", 2999.99),Pair{String,Any}("repr", 0))	a	35	false	A	A	7
35	p1-13	(25, 19, 1)	p1	Dict{String,Any}(Pair{String,Any}("veg", 2999.99),Pair{String,Any}("repr", 0))	a	35	false	A	A	7
35	p1-14	(5, 3, 1)	p1	Dict{String,Any}(Pair{String,Any}("veg", 3000.01),Pair{String,Any}("repr", 0))	a	35	false	A	A	7
35	p1-16	(2, 13, 1)	p1	Dict{String,Any}(Pair{String,Any}("veg", 3000.0),Pair{String,Any}("repr", 0))	a	35	false	A	A	7
35	p1-19	(17, 6, 1)	p1	Dict{String,Any}(Pair{String,Any}("veg", 2999.99),Pair{String,Any}("repr", 0))	a	35	false	A	A	7
35	p1-20	(3, 24, 1)	p1	Dict{String,Any}(Pair{String,Any}("veg", 3000.01),Pair{String,Any}("repr", 0))	a	35	false	A	A	7
36	p1-1	(7, 15, 1)	p1	Dict{String,Any}(Pair{String,Any}("veg", 3000.02),Pair{String,Any}("repr", 0))	a	36	false	A	A	7
36	p1-2	(33, 6, 1)	p1	Dict{String,Any}(Pair{String,Any}("veg", 3000.03),Pair{String,Any}("repr", 0))	a	36	false	A	A	7
36	p1-3	(3, 3, 1)	p1	Dict{String,Any}(Pair{String,Any}("veg", 2999.99),Pair{String,Any}("repr", 0))	a	36	false	A	A	7
36	p1-4	(12, 26, 1)	p1	Dict{String,Any}(Pair{String,Any}("veg", 3000.0),Pair{String,Any}("repr", 0))	a	36	false	A	A	7
36	p1-6	(33, 11, 1)	p1	Dict{String,Any}(Pair{String,Any}("veg", 3000.01),Pair{String,Any}("repr", 0))	a	36	false	A	A	7
36	p1-7	(1, 16, 1)	p1	Dict{String,Any}(Pair{String,Any}("veg", 3000.01),Pair{String,Any}("repr", 0))	a	36	false	A	A	7
36	p1-8	(24, 24, 1)	p1	Dict{String,Any}(Pair{String,Any}("veg", 3000.0),Pair{String,Any}("repr", 0))	a	36	false	A	A	7
36	p1-9	(4, 11, 1)	p1	Dict{String,Any}(Pair{String,Any}("veg", 2999.99),Pair{String,Any}("repr", 0))	a	36	false	A	A	7
36	p1-11	(18, 23, 1)	p1	Dict{String,Any}(Pair{String,Any}("veg", 3000.0),Pair{String,Any}("repr", 0))	a	36	false	A	A	7
36	p1-12	(7, 18, 1)	p1	Dict{String,Any}(Pair{String,Any}("veg", 2999.99),Pair{String,Any}("repr", 0))	a	36	false	A	A	7
36	p1-13	(25, 19, 1)	p1	Dict{String,Any}(Pair{String,Any}("veg", 2999.99),Pair{String,Any}("repr", 0))	a	36	false	A	A	7
36	p1-14	(5, 3, 1)	p1	Dict{String,Any}(Pair{String,Any}("veg", 3000.01),Pair{String,Any}("repr", 0))	a	36	false	A	A	7
36	p1-16	(2, 13, 1)	p1	Dict{String,Any}(Pair{String,Any}("veg", 3000.0),Pair{String,Any}("repr", 0))	a	36	false	A	A	7
36	p1-19	(17, 6, 1)	p1	Dict{String,Any}(Pair{String,Any}("veg", 2999.99),Pair{String,Any}("repr", 0))	a	36	false	A	A	7
36	p1-20	(3, 24, 1)	p1	Dict{String,Any}(Pair{String,Any}("veg", 3000.01),Pair{String,Any}("repr", 0))	a	36	false	A	A	7
37	p1-1	(7, 15, 1)	p1	Dict{String,Any}(Pair{String,Any}("veg", 3000.02),Pair{String,Any}("repr", 0))	a	37	false	A	A	7
37	p1-2	(33, 6, 1)	p1	Dict{String,Any}(Pair{String,Any}("veg", 3000.03),Pair{String,Any}("repr", 0))	a	37	false	A	A	7
37	p1-3	(3, 3, 1)	p1	Dict{String,Any}(Pair{String,Any}("veg", 2999.99),Pair{String,Any}("repr", 0))	a	37	false	A	A	7
37	p1-4	(12, 26, 1)	p1	Dict{String,Any}(Pair{String,Any}("veg", 3000.0),Pair{String,Any}("repr", 0))	a	37	false	A	A	7
37	p1-6	(33, 11, 1)	p1	Dict{String,Any}(Pair{String,Any}("veg", 3000.01),Pair{String,Any}("repr", 0))	a	37	false	A	A	7
37	p1-7	(1, 16, 1)	p1	Dict{String,Any}(Pair{String,Any}("veg", 3000.01),Pair{String,Any}("repr", 0))	a	37	false	A	A	7
37	p1-8	(24, 24, 1)	p1	Dict{String,Any}(Pair{String,Any}("veg", 3000.0),Pair{String,Any}("repr", 0))	a	37	false	A	A	7
37	p1-9	(4, 11, 1)	p1	Dict{String,Any}(Pair{String,Any}("veg", 2999.99),Pair{String,Any}("repr", 0))	a	37	false	A	A	7
37	p1-11	(18, 23, 1)	p1	Dict{String,Any}(Pair{String,Any}("veg", 3000.0),Pair{String,Any}("repr", 0))	a	37	false	A	A	7
37	p1-12	(7, 18, 1)	p1	Dict{String,Any}(Pair{String,Any}("veg", 2999.99),Pair{String,Any}("repr", 0))	a	37	false	A	A	7
37	p1-13	(25, 19, 1)	p1	Dict{String,Any}(Pair{String,Any}("veg", 2999.99),Pair{String,Any}("repr", 0))	a	37	false	A	A	7
37	p1-16	(2, 13, 1)	p1	Dict{String,Any}(Pair{String,Any}("veg", 3000.0),Pair{String,Any}("repr", 0))	a	37	false	A	A	7
37	p1-19	(17, 6, 1)	p1	Dict{String,Any}(Pair{String,Any}("veg", 2999.99),Pair{String,Any}("repr", 0))	a	37	false	A	A	7
37	p1-20	(3, 24, 1)	p1	Dict{String,Any}(Pair{String,Any}("veg", 3000.01),Pair{String,Any}("repr", 0))	a	37	false	A	A	7
38	p1-1	(7, 15, 1)	p1	Dict{String,Any}(Pair{String,Any}("veg", 3000.02),Pair{String,Any}("repr", 0))	a	38	false	A	A	7
38	p1-2	(33, 6, 1)	p1	Dict{String,Any}(Pair{String,Any}("veg", 3000.03),Pair{String,Any}("repr", 0))	a	38	false	A	A	7
38	p1-3	(3, 3, 1)	p1	Dict{String,Any}(Pair{String,Any}("veg", 2999.99),Pair{String,Any}("repr", 0))	a	38	false	A	A	7
38	p1-4	(12, 26, 1)	p1	Dict{String,Any}(Pair{String,Any}("veg", 3000.0),Pair{String,Any}("repr", 0))	a	38	false	A	A	7
38	p1-6	(33, 11, 1)	p1	Dict{String,Any}(Pair{String,Any}("veg", 3000.01),Pair{String,Any}("repr", 0))	a	38	false	A	A	7
38	p1-7	(1, 16, 1)	p1	Dict{String,Any}(Pair{String,Any}("veg", 3000.01),Pair{String,Any}("repr", 0))	a	38	false	A	A	7
38	p1-8	(24, 24, 1)	p1	Dict{String,Any}(Pair{String,Any}("veg", 3000.0),Pair{String,Any}("repr", 0))	a	38	false	A	A	7
38	p1-9	(4, 11, 1)	p1	Dict{String,Any}(Pair{String,Any}("veg", 2999.99),Pair{String,Any}("repr", 0))	a	38	false	A	A	7
38	p1-11	(18, 23, 1)	p1	Dict{String,Any}(Pair{String,Any}("veg", 3000.0),Pair{String,Any}("repr", 0))	a	38	false	A	A	7
38	p1-12	(7, 18, 1)	p1	Dict{String,Any}(Pair{String,Any}("veg", 2999.99),Pair{String,Any}("repr", 0))	a	38	false	A	A	7
38	p1-13	(25, 19, 1)	p1	Dict{String,Any}(Pair{String,Any}("veg", 2999.99),Pair{String,Any}("repr", 0))	a	38	false	A	A	7
38	p1-16	(2, 13, 1)	p1	Dict{String,Any}(Pair{String,Any}("veg", 3000.0),Pair{String,Any}("repr", 0))	a	38	false	A	A	7
38	p1-19	(17, 6, 1)	p1	Dict{String,Any}(Pair{String,Any}("veg", 2999.99),Pair{String,Any}("repr", 0))	a	38	false	A	A	7
38	p1-20	(3, 24, 1)	p1	Dict{String,Any}(Pair{String,Any}("veg", 3000.01),Pair{String,Any}("repr", 0))	a	38	false	A	A	7
39	p1-1	(7, 15, 1)	p1	Dict{String,Any}(Pair{String,Any}("veg", 3000.02),Pair{String,Any}("repr", 0))	a	39	false	A	A	7
39	p1-2	(33, 6, 1)	p1	Dict{String,Any}(Pair{String,Any}("veg", 3000.03),Pair{String,Any}("repr", 0))	a	39	false	A	A	7
39	p1-3	(3, 3, 1)	p1	Dict{String,Any}(Pair{String,Any}("veg", 2999.99),Pair{String,Any}("repr", 0))	a	39	false	A	A	7
39	p1-4	(12, 26, 1)	p1	Dict{String,Any}(Pair{String,Any}("veg", 3000.0),Pair{String,Any}("repr", 0))	a	39	false	A	A	7
39	p1-6	(33, 11, 1)	p1	Dict{String,Any}(Pair{String,Any}("veg", 3000.01),Pair{String,Any}("repr", 0))	a	39	false	A	A	7
39	p1-7	(1, 16, 1)	p1	Dict{String,Any}(Pair{String,Any}("veg", 3000.01),Pair{String,Any}("repr", 0))	a	39	false	A	A	7
39	p1-8	(24, 24, 1)	p1	Dict{String,Any}(Pair{String,Any}("veg", 3000.0),Pair{String,Any}("repr", 0))	a	39	false	A	A	7
39	p1-9	(4, 11, 1)	p1	Dict{String,Any}(Pair{String,Any}("veg", 2999.99),Pair{String,Any}("repr", 0))	a	39	false	A	A	7
39	p1-11	(18, 23, 1)	p1	Dict{String,Any}(Pair{String,Any}("veg", 3000.0),Pair{String,Any}("repr", 0))	a	39	false	A	A	7
39	p1-12	(7, 18, 1)	p1	Dict{String,Any}(Pair{String,Any}("veg", 2999.99),Pair{String,Any}("repr", 0))	a	39	false	A	A	7
39	p1-13	(25, 19, 1)	p1	Dict{String,Any}(Pair{String,Any}("veg", 2999.99),Pair{String,Any}("repr", 0))	a	39	false	A	A	7
39	p1-16	(2, 13, 1)	p1	Dict{String,Any}(Pair{String,Any}("veg", 3000.0),Pair{String,Any}("repr", 0))	a	39	false	A	A	7
39	p1-19	(17, 6, 1)	p1	Dict{String,Any}(Pair{String,Any}("veg", 2999.99),Pair{String,Any}("repr", 0))	a	39	false	A	A	7
39	p1-20	(3, 24, 1)	p1	Dict{String,Any}(Pair{String,Any}("veg", 3000.01),Pair{String,Any}("repr", 0))	a	39	false	A	A	7
40	p1-1	(7, 15, 1)	p1	Dict{String,Any}(Pair{String,Any}("veg", 3000.02),Pair{String,Any}("repr", 0))	a	40	false	A	A	7
40	p1-2	(33, 6, 1)	p1	Dict{String,Any}(Pair{String,Any}("veg", 3000.03),Pair{String,Any}("repr", 0))	a	40	false	A	A	7
40	p1-3	(3, 3, 1)	p1	Dict{String,Any}(Pair{String,Any}("veg", 2999.99),Pair{String,Any}("repr", 0))	a	40	false	A	A	7
40	p1-4	(12, 26, 1)	p1	Dict{String,Any}(Pair{String,Any}("veg", 3000.0),Pair{String,Any}("repr", 0))	a	40	false	A	A	7
40	p1-6	(33, 11, 1)	p1	Dict{String,Any}(Pair{String,Any}("veg", 3000.01),Pair{String,Any}("repr", 0))	a	40	false	A	A	7
40	p1-7	(1, 16, 1)	p1	Dict{String,Any}(Pair{String,Any}("veg", 3000.01),Pair{String,Any}("repr", 0))	a	40	false	A	A	7
40	p1-8	(24, 24, 1)	p1	Dict{String,Any}(Pair{String,Any}("veg", 3000.0),Pair{String,Any}("repr", 0))	a	40	false	A	A	7
40	p1-9	(4, 11, 1)	p1	Dict{String,Any}(Pair{String,Any}("veg", 2999.99),Pair{String,Any}("repr", 0))	a	40	false	A	A	7
40	p1-11	(18, 23, 1)	p1	Dict{String,Any}(Pair{String,Any}("veg", 3000.0),Pair{String,Any}("repr", 0))	a	40	false	A	A	7
40	p1-12	(7, 18, 1)	p1	Dict{String,Any}(Pair{String,Any}("veg", 2999.99),Pair{String,Any}("repr", 0))	a	40	false	A	A	7
40	p1-13	(25, 19, 1)	p1	Dict{String,Any}(Pair{String,Any}("veg", 2999.99),Pair{String,Any}("repr", 0))	a	40	false	A	A	7
40	p1-16	(2, 13, 1)	p1	Dict{String,Any}(Pair{String,Any}("veg", 3000.0),Pair{String,Any}("repr", 0))	a	40	false	A	A	7
40	p1-19	(17, 6, 1)	p1	Dict{String,Any}(Pair{String,Any}("veg", 2999.99),Pair{String,Any}("repr", 0))	a	40	false	A	A	7
40	p1-20	(3, 24, 1)	p1	Dict{String,Any}(Pair{String,Any}("veg", 3000.01),Pair{String,Any}("repr", 0))	a	40	false	A	A	7
41	p1-1	(7, 15, 1)	p1	Dict{String,Any}(Pair{String,Any}("veg", 3000.02),Pair{String,Any}("repr", 0))	a	41	false	A	A	7
41	p1-2	(33, 6, 1)	p1	Dict{String,Any}(Pair{String,Any}("veg", 3000.03),Pair{String,Any}("repr", 0))	a	41	false	A	A	7
41	p1-3	(3, 3, 1)	p1	Dict{String,Any}(Pair{String,Any}("veg", 2999.99),Pair{String,Any}("repr", 0))	a	41	false	A	A	7
41	p1-4	(12, 26, 1)	p1	Dict{String,Any}(Pair{String,Any}("veg", 3000.0),Pair{String,Any}("repr", 0))	a	41	false	A	A	7
41	p1-6	(33, 11, 1)	p1	Dict{String,Any}(Pair{String,Any}("veg", 3000.01),Pair{String,Any}("repr", 0))	a	41	false	A	A	7
41	p1-7	(1, 16, 1)	p1	Dict{String,Any}(Pair{String,Any}("veg", 3000.01),Pair{String,Any}("repr", 0))	a	41	false	A	A	7
41	p1-8	(24, 24, 1)	p1	Dict{String,Any}(Pair{String,Any}("veg", 3000.0),Pair{String,Any}("repr", 0))	a	41	false	A	A	7
41	p1-9	(4, 11, 1)	p1	Dict{String,Any}(Pair{String,Any}("veg", 2999.99),Pair{String,Any}("repr", 0))	a	41	false	A	A	7
41	p1-11	(18, 23, 1)	p1	Dict{String,Any}(Pair{String,Any}("veg", 3000.0),Pair{String,Any}("repr", 0))	a	41	false	A	A	7
41	p1-12	(7, 18, 1)	p1	Dict{String,Any}(Pair{String,Any}("veg", 2999.99),Pair{String,Any}("repr", 0))	a	41	false	A	A	7
41	p1-13	(25, 19, 1)	p1	Dict{String,Any}(Pair{String,Any}("veg", 2999.99),Pair{String,Any}("repr", 0))	a	41	false	A	A	7
41	p1-16	(2, 13, 1)	p1	Dict{String,Any}(Pair{String,Any}("veg", 3000.0),Pair{String,Any}("repr", 0))	a	41	false	A	A	7
41	p1-19	(17, 6, 1)	p1	Dict{String,Any}(Pair{String,Any}("veg", 2999.99),Pair{String,Any}("repr", 0))	a	41	false	A	A	7
41	p1-20	(3, 24, 1)	p1	Dict{String,Any}(Pair{String,Any}("veg", 3000.01),Pair{String,Any}("repr", 0))	a	41	false	A	A	7
42	p1-1	(7, 15, 1)	p1	Dict{String,Any}(Pair{String,Any}("veg", 3000.02),Pair{String,Any}("repr", 0))	a	42	false	A	A	7
42	p1-2	(33, 6, 1)	p1	Dict{String,Any}(Pair{String,Any}("veg", 3000.03),Pair{String,Any}("repr", 0))	a	42	false	A	A	7
42	p1-3	(3, 3, 1)	p1	Dict{String,Any}(Pair{String,Any}("veg", 2999.99),Pair{String,Any}("repr", 0))	a	42	false	A	A	7
42	p1-4	(12, 26, 1)	p1	Dict{String,Any}(Pair{String,Any}("veg", 3000.0),Pair{String,Any}("repr", 0))	a	42	false	A	A	7
42	p1-6	(33, 11, 1)	p1	Dict{String,Any}(Pair{String,Any}("veg", 3000.01),Pair{String,Any}("repr", 0))	a	42	false	A	A	7
42	p1-7	(1, 16, 1)	p1	Dict{String,Any}(Pair{String,Any}("veg", 3000.01),Pair{String,Any}("repr", 0))	a	42	false	A	A	7
42	p1-8	(24, 24, 1)	p1	Dict{String,Any}(Pair{String,Any}("veg", 3000.0),Pair{String,Any}("repr", 0))	a	42	false	A	A	7
42	p1-9	(4, 11, 1)	p1	Dict{String,Any}(Pair{String,Any}("veg", 2999.99),Pair{String,Any}("repr", 0))	a	42	false	A	A	7
42	p1-11	(18, 23, 1)	p1	Dict{String,Any}(Pair{String,Any}("veg", 3000.0),Pair{String,Any}("repr", 0))	a	42	false	A	A	7
42	p1-12	(7, 18, 1)	p1	Dict{String,Any}(Pair{String,Any}("veg", 2999.99),Pair{String,Any}("repr", 0))	a	42	false	A	A	7
42	p1-13	(25, 19, 1)	p1	Dict{String,Any}(Pair{String,Any}("veg", 2999.99),Pair{String,Any}("repr", 0))	a	42	false	A	A	7
42	p1-16	(2, 13, 1)	p1	Dict{String,Any}(Pair{String,Any}("veg", 3000.0),Pair{String,Any}("repr", 0))	a	42	false	A	A	7
42	p1-19	(17, 6, 1)	p1	Dict{String,Any}(Pair{String,Any}("veg", 2999.99),Pair{String,Any}("repr", 0))	a	42	false	A	A	7
42	p1-20	(3, 24, 1)	p1	Dict{String,Any}(Pair{String,Any}("veg", 3000.01),Pair{String,Any}("repr", 0))	a	42	false	A	A	7
43	p1-1	(7, 15, 1)	p1	Dict{String,Any}(Pair{String,Any}("veg", 3000.02),Pair{String,Any}("repr", 0))	a	43	false	A	A	7
43	p1-2	(33, 6, 1)	p1	Dict{String,Any}(Pair{String,Any}("veg", 3000.03),Pair{String,Any}("repr", 0))	a	43	false	A	A	7
43	p1-3	(3, 3, 1)	p1	Dict{String,Any}(Pair{String,Any}("veg", 2999.99),Pair{String,Any}("repr", 0))	a	43	false	A	A	7
43	p1-4	(12, 26, 1)	p1	Dict{String,Any}(Pair{String,Any}("veg", 3000.0),Pair{String,Any}("repr", 0))	a	43	false	A	A	7
43	p1-6	(33, 11, 1)	p1	Dict{String,Any}(Pair{String,Any}("veg", 3000.01),Pair{String,Any}("repr", 0))	a	43	false	A	A	7
43	p1-7	(1, 16, 1)	p1	Dict{String,Any}(Pair{String,Any}("veg", 3000.01),Pair{String,Any}("repr", 0))	a	43	false	A	A	7
43	p1-8	(24, 24, 1)	p1	Dict{String,Any}(Pair{String,Any}("veg", 3000.0),Pair{String,Any}("repr", 0))	a	43	false	A	A	7
43	p1-9	(4, 11, 1)	p1	Dict{String,Any}(Pair{String,Any}("veg", 2999.99),Pair{String,Any}("repr", 0))	a	43	false	A	A	7
43	p1-11	(18, 23, 1)	p1	Dict{String,Any}(Pair{String,Any}("veg", 3000.0),Pair{String,Any}("repr", 0))	a	43	false	A	A	7
43	p1-12	(7, 18, 1)	p1	Dict{String,Any}(Pair{String,Any}("veg", 2999.99),Pair{String,Any}("repr", 0))	a	43	false	A	A	7
43	p1-13	(25, 19, 1)	p1	Dict{String,Any}(Pair{String,Any}("veg", 2999.99),Pair{String,Any}("repr", 0))	a	43	false	A	A	7
43	p1-16	(2, 13, 1)	p1	Dict{String,Any}(Pair{String,Any}("veg", 3000.0),Pair{String,Any}("repr", 0))	a	43	false	A	A	7
43	p1-19	(17, 6, 1)	p1	Dict{String,Any}(Pair{String,Any}("veg", 2999.99),Pair{String,Any}("repr", 0))	a	43	false	A	A	7
43	p1-20	(3, 24, 1)	p1	Dict{String,Any}(Pair{String,Any}("veg", 3000.01),Pair{String,Any}("repr", 0))	a	43	false	A	A	7
44	p1-1	(7, 15, 1)	p1	Dict{String,Any}(Pair{String,Any}("veg", 3000.02),Pair{String,Any}("repr", 0))	a	44	false	A	A	7
44	p1-2	(33, 6, 1)	p1	Dict{String,Any}(Pair{String,Any}("veg", 3000.03),Pair{String,Any}("repr", 0))	a	44	false	A	A	7
44	p1-3	(3, 3, 1)	p1	Dict{String,Any}(Pair{String,Any}("veg", 2999.99),Pair{String,Any}("repr", 0))	a	44	false	A	A	7
44	p1-4	(12, 26, 1)	p1	Dict{String,Any}(Pair{String,Any}("veg", 3000.0),Pair{String,Any}("repr", 0))	a	44	false	A	A	7
44	p1-6	(33, 11, 1)	p1	Dict{String,Any}(Pair{String,Any}("veg", 3000.01),Pair{String,Any}("repr", 0))	a	44	false	A	A	7
44	p1-7	(1, 16, 1)	p1	Dict{String,Any}(Pair{String,Any}("veg", 3000.01),Pair{String,Any}("repr", 0))	a	44	false	A	A	7
44	p1-8	(24, 24, 1)	p1	Dict{String,Any}(Pair{String,Any}("veg", 3000.0),Pair{String,Any}("repr", 0))	a	44	false	A	A	7
44	p1-9	(4, 11, 1)	p1	Dict{String,Any}(Pair{String,Any}("veg", 2999.99),Pair{String,Any}("repr", 0))	a	44	false	A	A	7
44	p1-11	(18, 23, 1)	p1	Dict{String,Any}(Pair{String,Any}("veg", 3000.0),Pair{String,Any}("repr", 0))	a	44	false	A	A	7
44	p1-12	(7, 18, 1)	p1	Dict{String,Any}(Pair{String,Any}("veg", 2999.99),Pair{String,Any}("repr", 0))	a	44	false	A	A	7
44	p1-13	(25, 19, 1)	p1	Dict{String,Any}(Pair{String,Any}("veg", 2999.99),Pair{String,Any}("repr", 0))	a	44	false	A	A	7
44	p1-16	(2, 13, 1)	p1	Dict{String,Any}(Pair{String,Any}("veg", 3000.0),Pair{String,Any}("repr", 0))	a	44	false	A	A	7
44	p1-19	(17, 6, 1)	p1	Dict{String,Any}(Pair{String,Any}("veg", 2999.99),Pair{String,Any}("repr", 0))	a	44	false	A	A	7
44	p1-20	(3, 24, 1)	p1	Dict{String,Any}(Pair{String,Any}("veg", 3000.01),Pair{String,Any}("repr", 0))	a	44	false	A	A	7
45	p1-1	(7, 15, 1)	p1	Dict{String,Any}(Pair{String,Any}("veg", 3000.02),Pair{String,Any}("repr", 0))	a	45	false	A	A	7
45	p1-2	(33, 6, 1)	p1	Dict{String,Any}(Pair{String,Any}("veg", 3000.03),Pair{String,Any}("repr", 0))	a	45	false	A	A	7
45	p1-3	(3, 3, 1)	p1	Dict{String,Any}(Pair{String,Any}("veg", 2999.99),Pair{String,Any}("repr", 0))	a	45	false	A	A	7
45	p1-4	(12, 26, 1)	p1	Dict{String,Any}(Pair{String,Any}("veg", 3000.0),Pair{String,Any}("repr", 0))	a	45	false	A	A	7
45	p1-6	(33, 11, 1)	p1	Dict{String,Any}(Pair{String,Any}("veg", 3000.01),Pair{String,Any}("repr", 0))	a	45	false	A	A	7
45	p1-7	(1, 16, 1)	p1	Dict{String,Any}(Pair{String,Any}("veg", 3000.01),Pair{String,Any}("repr", 0))	a	45	false	A	A	7
45	p1-8	(24, 24, 1)	p1	Dict{String,Any}(Pair{String,Any}("veg", 3000.0),Pair{String,Any}("repr", 0))	a	45	false	A	A	7
45	p1-9	(4, 11, 1)	p1	Dict{String,Any}(Pair{String,Any}("veg", 2999.99),Pair{String,Any}("repr", 0))	a	45	false	A	A	7
45	p1-11	(18, 23, 1)	p1	Dict{String,Any}(Pair{String,Any}("veg", 3000.0),Pair{String,Any}("repr", 0))	a	45	false	A	A	7
45	p1-12	(7, 18, 1)	p1	Dict{String,Any}(Pair{String,Any}("veg", 2999.99),Pair{String,Any}("repr", 0))	a	45	false	A	A	7
45	p1-13	(25, 19, 1)	p1	Dict{String,Any}(Pair{String,Any}("veg", 2999.99),Pair{String,Any}("repr", 0))	a	45	false	A	A	7
45	p1-16	(2, 13, 1)	p1	Dict{String,Any}(Pair{String,Any}("veg", 3000.0),Pair{String,Any}("repr", 0))	a	45	false	A	A	7
45	p1-19	(17, 6, 1)	p1	Dict{String,Any}(Pair{String,Any}("veg", 2999.99),Pair{String,Any}("repr", 0))	a	45	false	A	A	7
46	p1-1	(7, 15, 1)	p1	Dict{String,Any}(Pair{String,Any}("veg", 3000.02),Pair{String,Any}("repr", 0))	a	46	false	A	A	7
46	p1-2	(33, 6, 1)	p1	Dict{String,Any}(Pair{String,Any}("veg", 3000.03),Pair{String,Any}("repr", 0))	a	46	false	A	A	7
46	p1-3	(3, 3, 1)	p1	Dict{String,Any}(Pair{String,Any}("veg", 2999.99),Pair{String,Any}("repr", 0))	a	46	false	A	A	7
46	p1-4	(12, 26, 1)	p1	Dict{String,Any}(Pair{String,Any}("veg", 3000.0),Pair{String,Any}("repr", 0))	a	46	false	A	A	7
46	p1-6	(33, 11, 1)	p1	Dict{String,Any}(Pair{String,Any}("veg", 3000.01),Pair{String,Any}("repr", 0))	a	46	false	A	A	7
46	p1-7	(1, 16, 1)	p1	Dict{String,Any}(Pair{String,Any}("veg", 3000.01),Pair{String,Any}("repr", 0))	a	46	false	A	A	7
46	p1-8	(24, 24, 1)	p1	Dict{String,Any}(Pair{String,Any}("veg", 3000.0),Pair{String,Any}("repr", 0))	a	46	false	A	A	7
46	p1-9	(4, 11, 1)	p1	Dict{String,Any}(Pair{String,Any}("veg", 2999.99),Pair{String,Any}("repr", 0))	a	46	false	A	A	7
46	p1-11	(18, 23, 1)	p1	Dict{String,Any}(Pair{String,Any}("veg", 3000.0),Pair{String,Any}("repr", 0))	a	46	false	A	A	7
46	p1-12	(7, 18, 1)	p1	Dict{String,Any}(Pair{String,Any}("veg", 2999.99),Pair{String,Any}("repr", 0))	a	46	false	A	A	7
46	p1-13	(25, 19, 1)	p1	Dict{String,Any}(Pair{String,Any}("veg", 2999.99),Pair{String,Any}("repr", 0))	a	46	false	A	A	7
46	p1-16	(2, 13, 1)	p1	Dict{String,Any}(Pair{String,Any}("veg", 3000.0),Pair{String,Any}("repr", 0))	a	46	false	A	A	7
46	p1-19	(17, 6, 1)	p1	Dict{String,Any}(Pair{String,Any}("veg", 2999.99),Pair{String,Any}("repr", 0))	a	46	false	A	A	7
47	p1-1	(7, 15, 1)	p1	Dict{String,Any}(Pair{String,Any}("veg", 3000.02),Pair{String,Any}("repr", 0))	a	47	false	A	A	7
47	p1-2	(33, 6, 1)	p1	Dict{String,Any}(Pair{String,Any}("veg", 3000.03),Pair{String,Any}("repr", 0))	a	47	false	A	A	7
47	p1-3	(3, 3, 1)	p1	Dict{String,Any}(Pair{String,Any}("veg", 2999.99),Pair{String,Any}("repr", 0))	a	47	false	A	A	7
47	p1-4	(12, 26, 1)	p1	Dict{String,Any}(Pair{String,Any}("veg", 3000.0),Pair{String,Any}("repr", 0))	a	47	false	A	A	7
47	p1-6	(33, 11, 1)	p1	Dict{String,Any}(Pair{String,Any}("veg", 3000.01),Pair{String,Any}("repr", 0))	a	47	false	A	A	7
47	p1-7	(1, 16, 1)	p1	Dict{String,Any}(Pair{String,Any}("veg", 3000.01),Pair{String,Any}("repr", 0))	a	47	false	A	A	7
47	p1-8	(24, 24, 1)	p1	Dict{String,Any}(Pair{String,Any}("veg", 3000.0),Pair{String,Any}("repr", 0))	a	47	false	A	A	7
47	p1-9	(4, 11, 1)	p1	Dict{String,Any}(Pair{String,Any}("veg", 2999.99),Pair{String,Any}("repr", 0))	a	47	false	A	A	7
47	p1-11	(18, 23, 1)	p1	Dict{String,Any}(Pair{String,Any}("veg", 3000.0),Pair{String,Any}("repr", 0))	a	47	false	A	A	7
47	p1-12	(7, 18, 1)	p1	Dict{String,Any}(Pair{String,Any}("veg", 2999.99),Pair{String,Any}("repr", 0))	a	47	false	A	A	7
47	p1-13	(25, 19, 1)	p1	Dict{String,Any}(Pair{String,Any}("veg", 2999.99),Pair{String,Any}("repr", 0))	a	47	false	A	A	7
47	p1-16	(2, 13, 1)	p1	Dict{String,Any}(Pair{String,Any}("veg", 3000.0),Pair{String,Any}("repr", 0))	a	47	false	A	A	7
47	p1-19	(17, 6, 1)	p1	Dict{String,Any}(Pair{String,Any}("veg", 2999.99),Pair{String,Any}("repr", 0))	a	47	false	A	A	7
48	p1-1	(7, 15, 1)	p1	Dict{String,Any}(Pair{String,Any}("veg", 3000.02),Pair{String,Any}("repr", 0))	a	48	false	A	A	7
48	p1-2	(33, 6, 1)	p1	Dict{String,Any}(Pair{String,Any}("veg", 3000.03),Pair{String,Any}("repr", 0))	a	48	false	A	A	7
48	p1-3	(3, 3, 1)	p1	Dict{String,Any}(Pair{String,Any}("veg", 2999.99),Pair{String,Any}("repr", 0))	a	48	false	A	A	7
48	p1-4	(12, 26, 1)	p1	Dict{String,Any}(Pair{String,Any}("veg", 3000.0),Pair{String,Any}("repr", 0))	a	48	false	A	A	7
48	p1-6	(33, 11, 1)	p1	Dict{String,Any}(Pair{String,Any}("veg", 3000.01),Pair{String,Any}("repr", 0))	a	48	false	A	A	7
48	p1-7	(1, 16, 1)	p1	Dict{String,Any}(Pair{String,Any}("veg", 3000.01),Pair{String,Any}("repr", 0))	a	48	false	A	A	7
48	p1-8	(24, 24, 1)	p1	Dict{String,Any}(Pair{String,Any}("veg", 3000.0),Pair{String,Any}("repr", 0))	a	48	false	A	A	7
48	p1-9	(4, 11, 1)	p1	Dict{String,Any}(Pair{String,Any}("veg", 2999.99),Pair{String,Any}("repr", 0))	a	48	false	A	A	7
48	p1-11	(18, 23, 1)	p1	Dict{String,Any}(Pair{String,Any}("veg", 3000.0),Pair{String,Any}("repr", 0))	a	48	false	A	A	7
48	p1-12	(7, 18, 1)	p1	Dict{String,Any}(Pair{String,Any}("veg", 2999.99),Pair{String,Any}("repr", 0))	a	48	false	A	A	7
48	p1-13	(25, 19, 1)	p1	Dict{String,Any}(Pair{String,Any}("veg", 2999.99),Pair{String,Any}("repr", 0))	a	48	false	A	A	7
48	p1-16	(2, 13, 1)	p1	Dict{String,Any}(Pair{String,Any}("veg", 3000.0),Pair{String,Any}("repr", 0))	a	48	false	A	A	7
48	p1-19	(17, 6, 1)	p1	Dict{String,Any}(Pair{String,Any}("veg", 2999.99),Pair{String,Any}("repr", 0))	a	48	false	A	A	7
49	p1-1	(7, 15, 1)	p1	Dict{String,Any}(Pair{String,Any}("veg", 3000.02),Pair{String,Any}("repr", 0))	a	49	false	A	A	7
49	p1-2	(33, 6, 1)	p1	Dict{String,Any}(Pair{String,Any}("veg", 3000.03),Pair{String,Any}("repr", 0))	a	49	false	A	A	7
49	p1-3	(3, 3, 1)	p1	Dict{String,Any}(Pair{String,Any}("veg", 2999.99),Pair{String,Any}("repr", 0))	a	49	false	A	A	7
49	p1-4	(12, 26, 1)	p1	Dict{String,Any}(Pair{String,Any}("veg", 3000.0),Pair{String,Any}("repr", 0))	a	49	false	A	A	7
49	p1-6	(33, 11, 1)	p1	Dict{String,Any}(Pair{String,Any}("veg", 3000.01),Pair{String,Any}("repr", 0))	a	49	false	A	A	7
49	p1-7	(1, 16, 1)	p1	Dict{String,Any}(Pair{String,Any}("veg", 3000.01),Pair{String,Any}("repr", 0))	a	49	false	A	A	7
49	p1-8	(24, 24, 1)	p1	Dict{String,Any}(Pair{String,Any}("veg", 3000.0),Pair{String,Any}("repr", 0))	a	49	false	A	A	7
49	p1-9	(4, 11, 1)	p1	Dict{String,Any}(Pair{String,Any}("veg", 2999.99),Pair{String,Any}("repr", 0))	a	49	false	A	A	7
49	p1-11	(18, 23, 1)	p1	Dict{String,Any}(Pair{String,Any}("veg", 3000.0),Pair{String,Any}("repr", 0))	a	49	false	A	A	7
49	p1-12	(7, 18, 1)	p1	Dict{String,Any}(Pair{String,Any}("veg", 2999.99),Pair{String,Any}("repr", 0))	a	49	false	A	A	7
49	p1-13	(25, 19, 1)	p1	Dict{String,Any}(Pair{String,Any}("veg", 2999.99),Pair{String,Any}("repr", 0))	a	49	false	A	A	7
49	p1-16	(2, 13, 1)	p1	Dict{String,Any}(Pair{String,Any}("veg", 3000.0),Pair{String,Any}("repr", 0))	a	49	false	A	A	7
49	p1-19	(17, 6, 1)	p1	Dict{String,Any}(Pair{String,Any}("veg", 2999.99),Pair{String,Any}("repr", 0))	a	49	false	A	A	7
50	p1-1	(7, 15, 1)	p1	Dict{String,Any}(Pair{String,Any}("veg", 3000.02),Pair{String,Any}("repr", 0))	a	50	false	A	A	7
50	p1-2	(33, 6, 1)	p1	Dict{String,Any}(Pair{String,Any}("veg", 3000.03),Pair{String,Any}("repr", 0))	a	50	false	A	A	7
50	p1-3	(3, 3, 1)	p1	Dict{String,Any}(Pair{String,Any}("veg", 2999.99),Pair{String,Any}("repr", 0))	a	50	false	A	A	7
50	p1-4	(12, 26, 1)	p1	Dict{String,Any}(Pair{String,Any}("veg", 3000.0),Pair{String,Any}("repr", 0))	a	50	false	A	A	7
50	p1-6	(33, 11, 1)	p1	Dict{String,Any}(Pair{String,Any}("veg", 3000.01),Pair{String,Any}("repr", 0))	a	50	false	A	A	7
50	p1-7	(1, 16, 1)	p1	Dict{String,Any}(Pair{String,Any}("veg", 3000.01),Pair{String,Any}("repr", 0))	a	50	false	A	A	7
50	p1-8	(24, 24, 1)	p1	Dict{String,Any}(Pair{String,Any}("veg", 3000.0),Pair{String,Any}("repr", 0))	a	50	false	A	A	7
50	p1-9	(4, 11, 1)	p1	Dict{String,Any}(Pair{String,Any}("veg", 2999.99),Pair{String,Any}("repr", 0))	a	50	false	A	A	7
50	p1-11	(18, 23, 1)	p1	Dict{String,Any}(Pair{String,Any}("veg", 3000.0),Pair{String,Any}("repr", 0))	a	50	false	A	A	7
50	p1-12	(7, 18, 1)	p1	Dict{String,Any}(Pair{String,Any}("veg", 2999.99),Pair{String,Any}("repr", 0))	a	50	false	A	A	7
50	p1-13	(25, 19, 1)	p1	Dict{String,Any}(Pair{String,Any}("veg", 2999.99),Pair{String,Any}("repr", 0))	a	50	false	A	A	7
50	p1-16	(2, 13, 1)	p1	Dict{String,Any}(Pair{String,Any}("veg", 3000.0),Pair{String,Any}("repr", 0))	a	50	false	A	A	7
50	p1-19	(17, 6, 1)	p1	Dict{String,Any}(Pair{String,Any}("veg", 2999.99),Pair{String,Any}("repr", 0))	a	50	false	A	A	7
51	p1-2	(33, 6, 1)	p1	Dict{String,Any}(Pair{String,Any}("veg", 3000.03),Pair{String,Any}("repr", 0))	a	51	false	A	A	7
51	p1-8	(24, 24, 1)	p1	Dict{String,Any}(Pair{String,Any}("veg", 3000.0),Pair{String,Any}("repr", 0))	a	51	false	A	A	7
